"ID";"CODE_COMMUNE";"COMMUNE_AR";"COMMUNE_FR"
2352;"31710501";ايت بوبيدمان;Ait Boubidmane
2394;"74310915";اصعادلا;Saadla
2609;"71910713";الجوالة;Jouala
2610;"10510503";أيت يوسف وعلي;Ait Youssef Ou Ali
2611;"84010313";سروا;Siroua
2612;"30610505";المهاية;M'haya
2613;"15110315";حد الغربية;Had Al Gharbia
2614;"74270907";لمحرة;Lamharra
2615;"42910501";أيت إيشو;Ait Ichou
2616;"53010703";أكلموس;Aguelmous
2617;"75850511";اجنان بويه;Jnane Bouih
2618;"35610901";أيت سغروشن;Ait Saghrouchen
2619;"82011303";فركلة العليا;Ferkla El Oulia
2620;"72110301";آيت سعيد;Ait Said
2630;"70410103";أمزميز;Amizmiz
2632;"53010305";القباب;El Kbab
2633;"35611313";أولادالشريف;Oulad Chrif
2634;"44810903";بير الطالب;Bir Taleb
2635;"92730105";أيت ملول;Ait Melloul
2636;"64610705";دار الشافعي;Dar Chaffai
2637;"75850507";ايغود;Ighoud
2638;"82010103";بودنيب;Boudnib
2639;"35611311";مكناسة الغربية;Meknassa Al Gharbia
2640;"72110331";أوناغة;Ounagha
2646;"82010113";مولاي علي الشريف;Moulay Ali Cherif
2649;"85870321";مزكيطة;Mezguita
2650;"42910713";مرشوش;Marchouch
2652;"24110307";لبصارة;Bsara
2654;"44910317";عامر الشمالية;Ameur Chamalia
2657;"35310911";مساسة;Messassa
2659;"23810703";البركانيين;Al Barkanyene
1879;"83630729";زايدة;Zaida
1880;"1410141";عين شق;ARRONDISSEMENTS D'AIN CHOCK
1881;"100710101";أسا;Assa
1882;"61170535";زاوية سيدي بنحمدون;Zaouiat Sidi Ben Hamdoun
1883;"70410313";إكرفروان;Iguerferouane
1884;"74310307";لحضر;Lahdar
1885;"30610707";نزالة بني عمار;N'zalat Bni Amar
1886;"71910627";سيدي عيسى بن سليمان;Sidi Aissa Ben Slimane
1887;"53110505";بولنوار;Bulanouare
1888;"91630313";هلالة;Hilala
1889;"95410429";لمهارة;Lamhara
1890;"61810905";متوح;Mettouh
1891;"61810311";سيدي علي بن حمدوش;Sidi Ali Ben Hamdouche
1892;"42910511";أولماس;Oulmes
1893;"63710305";سيدي موسى بن علي;Sidi Moussa Ben Ali
1894;"42910313";الصفاصيف;Sfassif
1895;"82011107";الطاوس;Et-taous
1896;"95410525";سيدي أحمد أوعمر;Sidi Ahmed Ou Amar
1897;"64670705";بوحمام;Bouhmame
1898;"61110317";الردادنة أولاد مالك;Rdadna Oulad Malek
1899;"42910301";أيت ميمون;Ait Mimoune
1900;"32718101";ضاية عوا;Dayat Aoua
1901;"50811515";سيدي بولخلف;Sidi Boulkhalf
1902;"44810913";زيرارة;Zirara
1903;"83630527";تونفيت;Tounfite
1904;"25330901";أهل وادزا;Ahl Oued Za
1905;"71610313";سيدي بوزيد الركراكي;Sidi Bouzid Arragragui
1906;"71910325";اولاد مسعود;Oulad Massaoud
1907;"74310711";نكا;Nagga
1908;"74270707";الجعافرة;Jaafra
1561;"95510105";فم زكيد;Foum Zguid
1562;"95410957";تزمورت;Tazemmourt
1563;"22750305";كنفودة;Guenfouda
1564;"53010513";موحى اوحمو الزياني;Moha Ou Hammou Zayani
1565;"91630307";أيت  وادريم;Ait Ouadrim
1566;"50811501";أيت ابلال;Ait Blal
1567;"71610515";سيدي غانم;Sidi Ghanem
1568;"21670311";اولاد بوبكر;Oulad Boubker
1569;"44810509";صفصاف;Sefsaf
1570;"95410725";زاكموزن;Zagmouzen
1571;"85770221";مصيسي;M'Ssici
1572;"15118105";حجر النحل;HJAR ENNHAL
1573;"35610101";أكنول;Aknoul
1574;"74270705";بوشان;Bouchane
1575;"1410101";انفا;ARRONDISSEMENTS DE CASA - ANFA
1576;"42910117";سيدي علال البحراوي;Sidi Allal El Bahraoui
1577;"50810505";بني حسان;Bni Hassane
1578;"64610907";كيسر;Guisser
1579;"63850103";النواصر;Nouaceur
1580;"21130307";فزوان;Fezouane
1651;"85870325";النقوب;N'Kob
1652;"74310302";شهدة;Chahda
1653;"42810101";القنيطرة;Kénitra
1654;"82010307";السيفا;Es-sifa
1655;"95510503";اقا إيغان;Akka Ighane
1656;"63550305";سيدي حجاج واد حصار;Sidi Hajjaj Oued Hassar
1657;"50810911";بين الويدان;Bin El Ouidane
1658;"31310315";سكورة-مداز;Skoura M'Daz
1659;"32718103";تيزكيت;Tizguite
1660;"71910309";الرافعية;Errafiaya
2113;"83630521";سيدي يحيى ايوسف;Sidi Yahya Ou Youssef
2114;"72110341";سيدي إسحاق;Sidi Ishaq
2115;"10510517";لوطا;Louta
2116;"34510501";عين الشكاك;Ain Cheggag
2117;"70410511";للا تكركوست;Lalla Takarkoust
2118;"85770105";قلعة مكونة;Kalaat M'Gouna
2119;"21670923";تليليت;Talilit
2120;"71910815";ميات;Mayate
2121;"50810917";تبروشت;Tabaroucht
2122;"95810909";تارسواط;Tarsouat
2123;"53110511";المفاسيس;M'Fassis
2124;"11510505";بني فغلوم;Bni Faghloum
2125;"72110511";بيزضاض;Bizdad
2126;"10510925";تامساوت;Tamsaout
2127;"64610329";سيدي عبد الكريم;Sidi Abdelkrim
2128;"42810913";سيدي محمد لحمر;Sidi Mohamed Lahmar
2129;"22750303";كفايت;Gafait
2130;"72110337";سيدي علي الكراتي;Sidi Ali El Korati
2131;"10510923";تاغزوت;Taghzout
2132;"12270501";البحراويين;Al Bahraoyine
2133;"35310501";بني سنوس;Bni Snous
2134;"95410331";تومليلين;Toumliline
2135;"50811511";امليل;Imlil
2136;"95810311";تفراوت المولود;Tafraout El Mouloud
2137;"71910303";الدشرة;Eddachra
2138;"95410963";تيوت;Tiout
2139;"120660503";بئر كندوز;Bir Gandouz
2140;"64670709";خميس القصيبة;Khmis Ksiba
2141;"14050703";لمجاعرة;Lamjaara
2142;"35310309";أورتزاغ;Ouartzagh
2473;"10510521";ارواضي;Rouadi
2541;"22650711";أولاد بوريمة;Oulad Bourima
2542;"11510621";واد ملحة;Oued Malha
2543;"105210501";أبطيح;Abteh
2545;"11510901";أمتار;Amtar
2546;"44910501";أزغار;Azghar
2548;"61810917";سي احساين بن عبد الرحمان;Si Hsaien Ben Abderrahmane
2549;"71910733";زمران الشرقية;Zemrane Charqia
2551;"95510701";أديس;Adis
2552;"95410109";أولاد تايمة;Oulad Teima
2553;"84010311";وسلسات;Ouisselsate
2554;"71910841";أزنادة;Znada
2555;"95410707";اسايس;Assaisse
2556;"44410305";عامر;Ameur
2557;"30610307";ايت ولال;Ait Ouallal
2558;"35910502";عين قنصرة;Ain Kansra
2559;"95810907";اريغ نتاهلة;Irigh N'Tahala
2560;"15710107";واد لو;Oued Laou
2561;"35310923";سيدي امحمد بن لحسن;SIDI M'HAMED BEN LAHCEN
2562;"70410513";وزكيتة;Ouazguita
2563;"50910501";اغبالة;Aghbala
2564;"35610111";تازة;Taza
2565;"40010101";أكادير إداوتنان;Agadir Ida outanane
2566;"23810107";زايو;Zaio
2567;"24110509";إسلي;Isly
2568;"15710305";بغاغزة;Bghaghza
2569;"30610501";الدخيسة;Dkhissa
2570;"115370105";طرفاية;Tarfaya
2571;"61810101";أزمور;Azemmour
2572;"11510709";تلمبوط;Talambote
2713;"90010707";أزيار;Aziar
2714;"95410971";زاوية سيدي الطاهر;Zaouia Sidi Tahar
2715;"50811319";تدلي فطواكة;Tidili Fetouaka
2716;"83630707";آيت بن يعقوب;Ait Ben Yacoub
2717;"95410513";إميلمايس;Imilmaiss
2718;"35310915";اولاد عياد;Oulad Ayyad
2719;"32310107";فاس;Fès
2720;"50810513";ارفالة;Rfala
2721;"74270711";اولاد عامر تزمرين;Oulad Aamer Tizmarine
2722;"35610311";تيزي وسلي;Tizi Ouasli
2723;"95510101";اقا;Akka
2724;"72110519";إيدا أو كلول;Ida Ou Guelloul
2725;"95410919";ادا و مومن;Ida Ou Moumen
2726;"32710311";تيمحضيت;Timahdite
2727;"25330721";تنشرفي;Tancherfi
2728;"42910907";آيت مالك;Ait Malek
2729;"21670921";تفريست;Tafersit
2730;"74310701";اتوابت;Atouabet
2731;"35610709";أولاد ازباير;Oulad Zbair
2732;"85870923";امحاميد الغزلان;M'Hamid El Ghizlane
2733;"72110543";تهلوانت;Tahelouante
2734;"14051107";قلعة بوقرة;Kalaat Bouqorra
2735;"95410511";الكدية البيضاء;El Koudia El Beida
2736;"95410945";سيدي دحمان;Sidi Dahmane
2737;"72110307";كشولة;Kechoula
2738;"71910319";اولاد بوعلي الواد;Oulad Bouali Loued
2739;"50810501";أيت تكلا;Ait Taguella
2740;"44810103";احد كورت;Had Kourt
2741;"64610302";عين الضربان - لحلاف;Ain Dorbane-Lahlaf
2742;"74270905";الجعيدات;Jaidate
3013;"35310717";ارغيوة;Rghioua
3014;"123910901";العركوب;El Argoub
1849;"11510707";اسطيحة;Stehat
1850;"11510501";باب تازة;Bab Taza
1851;"102610103";كلميم;Guelmim
1852;"104210101";الرباط;RABAT
1853;"95410309";إيماون;Imaouen
1854;"64610927";سيدي محمد بن رحال;Sidi Mohammed Ben Rahal
1855;"70411127";الثوامة;Touama
1856;"53110711";المعادنة;Maadna
1857;"35310321";تافرانت;Tafrant
1858;"11510701";بني بوزرة;Bni Bouzra
1859;"31310707";أولاد علي يوسف;Oulad Ali Youssef
1860;"22750321";تيولي;Tiouli
1861;"70410707";إجوكاك;Ijoukak
1862;"84010109";تازناخت;Taznakht
1863;"50811503";أيت ماجدن;Ait Majden
1864;"31310309";انجيل;Enjil
1865;"61170807";جاقمة;Jaqma
1866;"83630515";بومية;Boumia
1867;"35611101";بني افتح;Bni Ftah
1868;"84010315";تلوات;Telouet
1869;"83630523";تنوردي;Tanourdi
1870;"21130519";زكزل;Zegzel
1871;"85770521";امسمرير;M'Semrir
1872;"42810703";بني مالك;Beni Malek
1873;"95410421";ادا وكماض;Ida Ougoummad
1874;"72110541";تفضنة;Tafedna
1875;"70410903";أوكايمدن;Oukaimden
1876;"63850305";اولاد صالح;Oulad Salah
1877;"85770525";سوق الخميس دادس;Souk Lakhmis Dades
1878;"95410469";توغمرت;Toughmart
2203;"95410737";أوزيوة;Ouzioua
2204;"42910911";مقام الطلبة;M'qam Tolba
2205;"61170820";اولاد زيان;Oulad Ziyane
2206;"44910511";أولاد بن حمادي;Ouled Ben Hammadi
2207;"10510721";سيدي بوزينب;Sidi Bouzineb
2208;"91410171";مولاي رشيد;ARRONDISSEMENTS DE MOULAY RACHID
2209;"22510501";عبو لكحل;Abbou Lakhal
2210;"35310707";بوعادل;Bouadel
2211;"35611107";كاف الغار;Kaf El Ghar
2212;"95410413";الفيض;El Faid
2213;"95410905";آيت مخلوف;Ait Makhlouf
2214;"35310711";فناسةباب الحيط;Fennassa Bab El Hit
2215;"102610713";لقصابي تكوست;Laqsabi Tagoust
2216;"95410102";أولوز;Aoulouz
2217;"70410905";أوريكة;Ourika
2218;"10510105";امزورن;Imzouren
2219;"44910513";أولاد احسين;Ouled Hcein
2220;"35910101";مولاي يعقوب;Moulay Yacoub
2221;"95410705";أسكاون;Askaouen
2222;"44410108";سيدي أبي القناديل;Sidi Bouknadel
2223;"72110549";تدزي;Tidzi
2224;"83631509";اوتربات;Outerbat
2225;"34510709";العنوصر;Laanoussar
2226;"70411107";ايت حكيم - ايت ازيد;Ait Hkim-Ait Yzid
2227;"45010101";عين العودة;Ain El Aouda
2228;"35611309";مكناسةالشرقية;Meknassa Acharqia
2229;"11510909";بني رزين;Bni Rzine
2230;"44810705";الخنيشات;Khnichet
2231;"53010521";سيدي عمرو;Sidi Amar
2232;"30610109";مولاي إدريس  زرهون;Moulay Driss Zerhoun
2581;"21130101";أحفير;Ahfir
2582;"31310307";المرس;El Mers
2583;"74270701";أيت حمو;Ait Hammou
2584;"75850517";سيدي شيكر;Sidi Chiker
2585;"72110109";تمنار;Tamanar
2586;"82011302";أملاكو;Amellagou
2587;"85770211";حصيا;H'Ssyia
2588;"91630335";تاركا نتوشكا;Targua Ntouchka
2589;"44810901";باب  تيوكا;Bab Tiouka
2590;"10510519";النكور;Nekkour
2591;"31710503";ايت حرز الله;Ait Harz Allah
2592;"72110345";سيدي امحمد أو مرزوق;Sidi M'Hamed Ou Marzouq
2593;"85870341";تازارين;Tazarine
2594;"10510505";اربعاءتاوريرت;Arbaa Taourirt
2595;"61810505";أولاد غانم;Ouled Ghanem
2596;"14050901";عين بيضاء;Ain Beida
2597;"34510109";صفرو;Sefrou
2598;"63710101";المحمدية;Mohammadia
2599;"72110101";آيت داوود;Ait Daoud
2600;"30610709";وليلي;Oualili
2661;"52551101";دار ولد زيدوح;Dar Ould Zidouh
2662;"84010703";ادلسان;Idelsane
2663;"64671101";الغنادرة;Laghnadra
2664;"30610711";سيدي عبد الله الخياط;Sidi Abdallah Al Khayat
2665;"82010105";الرشيدية;Errachidia
2666;"91630723";واد الصفاء;Ouad Essafa
2667;"1410111";الفداء مرس السلطان;ARRONDISSEMENTS D'EL FIDA - MERS SULTAN
2668;"61810909";اولاد حمدان;Oulad Hamdane
2669;"95510505";الوكوم;Allougoum
2670;"61170823";رياح;Riah
2803;"83630911";سيدي عياد;Sidi Aayad
2804;"95810107";تيزنيت;Tiznit
2805;"61110313";اولاد علي الطوالع;Oulad Ali Toualaa
2806;"30610509";سيدي سليمان مول الكيفان;Sidi Slimane Moul Al Kifane
2807;"50811305";أيت  أو مديس;Ait Oumdis
2808;"42810507";المناصرة;Mnasra
2809;"52550909";اهل مربع;Hel Merbaa
2810;"104730509";أسبويا;Sbouya
2811;"24110119";النعيمة;Naima
2812;"95410723";تبقال;Toubkal
2813;"42910307";أيت يدين;Ait Yadine
2814;"95410717";تاويالت;Taouyalte
2815;"32710307";سيدي المخفي;Sidi El Makhfi
2816;"50811513";واولى;Ouaoula
2817;"22510507";تندرارة;Tendrara
2818;"30610107";تولال;Toulal
2819;"73510707";سعادة;Saada
2820;"85870307";ايت ولال;Ait Ouallal
2821;"50910711";ناوور;Naour
2822;"34510105";ايموزار كندر;Imouzzer Kandar
2823;"70410713";ثلاث نيعقوب;Talat N'Yaaqoub
2824;"64670719";لعونات;Laaounate
2825;"22510313";عين الشعير;Ain Chair
2826;"21130125";السعيدية;Saidia
2827;"53010307";كروشن;Kerrouchen
2828;"72110509";اسايس;Assais
2829;"74310305";لبخاتي;Labkhati
2830;"22650507";لمريجة;Lamrija
2831;"15710309";جبل لحبيب;Jbel Lahbib
2832;"50910715";تانوغة;Tanougha
3015;"63550301";المجاطية أولاد الطالب;Al Majjatia Oulad Taleb
3016;"53010313";تيغسالين;Tighassaline
3017;"71610903";بوابوض  أمدلان;Bouabout Amdlane
3018;"10510515";ازمورن;Izemmouren
3019;"35610911";تازارين;Tazarine
3020;"53110509";الفقراء;El Foqra
3021;"91630111";بيوكرى;Biougra
3022;"64610915";امزورة;Mzoura
3023;"11510101";شفشاون;Chefchaouen
3024;"95410527";سيدي بوموسى;Sidi Boumoussa
1533;"14050905";ابريكشة;Brikcha
1544;"35310105";تاونات;Taounate
1545;"84010705";امي نولاون;Imi N'Oulaoune
1546;"50810309";تبانت;Tabant
1547;"42810105";مهدية;Mehdya
1548;"42810313";سيدي الطيبي;Sidi Taibi
1549;"71910339";توزينت;Taouzint
1550;"71910335";سيدي الحطاب;Sidi El Hattab
1551;"71610711";مجاط;Majjat
1552;"11510503";بني دركول;Bni Darkoul
1553;"95410505";اصادص;Assads
1554;"61810923";زاوية لقواسم;Zaouiat Lakouacem
1555;"44810105";جرف الملحة;Jorf El Melha (Mun.)
1556;"95810305";أربعاء أيت أحمد;Arbaa Ait Ahmed
1557;"95410317";سيدي بوعل;Sidi Boaal
1558;"95811107";المعدرالكبير;El Maader El Kabir
1559;"102610707";الشاطئ الأبيض;Echatea El Abied
1560;"35310303";كلاز;Galaz
1631;"35910301";عين الشقف;Ain Chkef
1632;"35611307";كلدمان;Galdamane
1633;"30610507";واد الجديدة;Oued Jdida
1634;"21670309";امطالسة;Mtalssa
1635;"84010107";ورزازات;Ouarzazate
1636;"72110349";تكاط;Takate
1637;"95410927";إيمولاس;Imoulass
1638;"64610327";السكامنة;Sgamna
1639;"53010525";سيدي لامين;Sidi Lamine
1640;"34510503";أيت  السبع لجرف;Ait Sebaa Lajrouf
1661;"15110101";أصيلة;Assilah
1662;"71610303";أيت هاني;Ait Hadi
1513;"82010301";اعرب صباح اغريس;Aarab Sebbah Gheris
1514;"34510309";إغزران;Ighzrane
1515;"31310501";القصابي-ملوية;Ksabi Moulouya
1516;"95510705";أم الكردان;Oum El Guerdane
1517;"13311112";السواكن;Souaken
1518;"31310105";اوطاط الحاج;Outat El Haj
1519;"35611305";بني لنث;Bni Lent
1520;"22650515";صاكة;Saka
1521;"71610907";كوزمت;Kouzemt
1522;"91630339";تيزي نتكوشت;Tizi Ntakoucht
1523;"64610323";أولاد امحمد;Oulad M'Hamed
1524;"13310903";بني عروس;Bni Arouss
1525;"64671107";اولاد سبيطة;Oulad Sbaita
1526;"74270703";أيت الطالب;Ait Taleb
1527;"15110305";سبت الزينات;Sebt Azzinate
1528;"71610713";امزوضة;M'Zouda
1529;"35611303";باب مرزوقة;Bab Marzouka
1530;"44810905";اشبانات;Chbanate
1531;"70410323";تيدلي مسفيوة;Tidili Mesfioua
1532;"35310907";بوعروس;Bouarouss
1534;"74310901";ايير;Ayir
1535;"72110333";سيدي عبد الجليل;Sidi Abdeljalil
1536;"71610705";ادويران;Douirane
1537;"82011307";اغريس العلوي;Gheris El Ouloui
1538;"64670717";لعامرية;Laamria
1539;"61110315";اولاد يحيى لوطا;Oulad Yahya Louta
1540;"85870339";تانسيفت;Tansifte
1541;"113210303";الدشيرة;Dcheira
1542;"95410915";افريجة;Freija
1543;"35310903";عين لكدح;Ain Legdah
1727;"42810111";سوق الاربعاء;Souk El Arbaa
1728;"50811307";أيت تمليل;Ait Tamlil
1729;"61170105";الدروة;Deroua
1730;"83630719";ميبلادن;Mibladen
1731;"35610711";الربع الفوقي;Rbaa El Fouki
1732;"35310305";كيسان;Kissane
1733;"90010705";أقصري;Aqesri
1734;"74270721";سيدي منصور;Sidi Mansour
1735;"44910505";دار بلعامري;Dar Bel Amri
1736;"12270321";تغرامت;Taghramt
1737;"71610905";إشمرارن;Ichamraren
1738;"104730513";تيوغزة;Tioughza
1739;"52550901";خلفية;Khalfia
1740;"84010307";اغرم نوكدال;Ighrem N'Ougdal
1741;"64670727";امطل;M'Tal
1742;"21130513";رسلان;Rislane
1743;"95410507";بيكودين;Bigoudine
1744;"15710319";سوق القديم;Souk Kdim
1745;"11510323";تمروت;Tamorot
1746;"35611315";مغراوة;Maghraoua
1747;"53110717";أولاد فنان;Oulad Fennane
1748;"45010103";الهرهورة;Harhoura
1749;"61110311";موالين الواد;Moualine El Oued
1750;"44810317";سيدي عزوز;Sidi Azzouz
1751;"21130301";أغبال;Aghbal
1754;"50910305";اولاد امبارك;Ouled M'Barek
1755;"64670725";مطران;Metrane
1756;"42910903";أيت بلقاسم;Ait Belkacem
1757;"53110303";بني بتاو;Bni Bataou
1758;"72110305";حد الدرا;Had Dra
2173;"63550105";تيط مليل;Tit Mellil
2174;"95410111";تالوين;Taliouine
2175;"100710305";تويزكي;Touizgui
2176;"74270719";سيدي غانم;Sidi Ghanem
2177;"82011105";السفلات;Es-sfalat
2178;"44810707";لمرابيح;Lamrabih
2179;"95510707";تكموت;Tagmout
2180;"31710101";اكوراي;Agourai
2181;"104730701";أيت الرخا;Ait Erkha
2182;"24110303";عين الصفا;Ain Sfa
2183;"25330305";العاطف;El Atef
2184;"64671103";الغربية;Lgharbia
2185;"95510501";أكينان;Aguinane
2186;"72110547";تاركانت;Targante
2187;"73510207";واحة سيدي ابراهيم;Ouahat Sidi Brahim
2188;"52550511";سيدي عيسى بن علي;Sidi Aissa Ben Ali
2189;"72110517";ايدا وعزا;Ida Ou Aazza
2190;"23810517";إيكسان;Iksane
2191;"42910513";تيداس;Tiddas
2192;"85870303";افرا;Afra
2193;"73510201";الويدان;Alouidane
2194;"42910303";أيت  اوريبل;Ait Ouribel
2195;"91630519";إنشادن;Inchaden
2196;"23810707";بني وكيل اولاد محاند;Bni Oukil Oulad M'Hand
2197;"61110505";شراط;Charrate
2198;"14050719";ازغيرة;Zghira
2199;"53110309";الشكران;chougrane
2200;"64670721";لعطاطرة;Laatatra
2201;"15710507";أزلا;Azla
2202;"23810501";بني بويفرور;Bni Bouifrour
2773;"105210505";الشبيكة;Chbika
2774;"84010317";تيدلي;Tidli
2775;"71610701";أداسيل;Adassil
2776;"32710101";أزرو;Azrou
2777;"95810901";افلااغير;Afella Ighir
2778;"14050705";مصمودة;Masmouda
2779;"15110109";اكزناية ;Gueznaia
2780;"95410715";سيدي احساين;Sidi Hsaine
2781;"95410313";النحيت;Nihit
2782;"84010301";أيت  زينب;Ait Zineb
2783;"42910317";سيدي الغندور;Sidi El Ghandour
2784;"102610521";تكليت;Tiglit
2785;"95410523";مشرع العين;Machraa El Ain
2786;"72110535";سيدي احمد أوحامد;Sidi Hmad Ou Hamed
2787;"91410131";الحي الحسني;ARRONDISSEMENTS DE HAY HASSANI
2788;"53110707";قصبة الطرش;Kasbat Troch
2789;"104730101";الاخصاص;Lakhsas
2790;"95410321";تابيا;Tabia
2791;"95510307";تزونين;Tizounine
2792;"71610709";إمندونيت;Imindounit
2793;"35310313";سيدي الحاج امحمد;Sidi Haj M'hamed
2794;"73510209";اولاد حسون;Oulad Hassoune
2795;"71610509";للاعزيزة;Lalla Aaziza
2796;"74270717";سيدي علي لبراحلة;Sidi Ali Labrahla
2797;"72110527";سيدي أحمد السايح;Sidi Ahmed Essayeh
2798;"95410305";أملو;Amalou
2799;"15710111";تطوان;Tétouan
2800;"72110539";سميمو;Smimou
2801;"42810701";عرباوة;Arbaoua
2802;"21130105";عين الركادة;Ain Erreggada
1939;"15710501";الحمراء;Al Hamra
1940;"73510711";السويهلة;Souihla
1941;"14050717";تروال;Teroual
1942;"91630521";ماسة;Massa
1943;"90010729";تقي;Tiqqi
1944;"64610319";أولاد شبانة;Oulad Chbana
1945;"72110523";إمكراد;Imgrade
1946;"35611113";تيناست;Tainaste
1947;"70410505";أنكال;Anougal
1948;"35310705";بني ونجل تافراوت;Bni Ounjel Tafraout
1949;"53010311";سيدي يحيى او ساعد;Sidi Yahya Ou Saad
1950;"105210301";لمسيد;Msied
1951;"72110339";سيدي بولعلام;Sidi Boulaalam
1952;"105210503";بن خليل;Ben Khlil
1953;"10510507";بني عبد الله;Bni Abdallah
1954;"35310109";تيسة;Tissa
1955;"71610305";لمزوضية;Lamzoudia
1956;"72110103";الحنشان;El Hanchane
1957;"25330317";سيدي علي بلقاسم;Sidi Ali Bel Quassem
1958;"42910709";جمعة مول البلاد;Jemaat Moul Blad
1959;"74270117";سيدي بوعثمان;Sidi Bou Othmane
1960;"74270913";راس عين الرحامنة;Ras Ain Rhamna
1961;"90010713";إيموزار;Imouzzer
1962;"10510101";الحسيمة;Al Hoceima
1963;"44910107";سيدي سليمان;Sidi Slimane
1964;"85870729";تافتشنا;Taftechna
1965;"61170817";لمباركيين;Lambarkiyine
1966;"95410501";أهل الرمل;Ahl Ramel
1967;"23810507";بني سيدال لوطا;Bni Sidel Louta
1968;"95410713";إكيدي;Iguidi
2450;"64610325";راس العين الشاوية;Ras El Ain Chaouia
2459;"64610921";أولاد الصغير;Oulad Sghir
2521;"22510103";فجيج;Figuig
2522;"15710517";دار بني قريش;Dar Bni Karrich
2523;"61810901";بولعوان;Boulaouane
2524;"83631501";ايت يحيى;Ait Yahya
2525;"71910811";الهيادنة;Hiadna
2526;"61110303";عين تيزغة;Ain Tizgha
2527;"42810705";قرية بن عودة;Kariat Ben Aouda
2528;"53110313";الرواشد;Rouached
2529;"22750513";أولاد غزييل;Oulad Ghziyel
2530;"21670103";بن الطيب;Ben Taieb
2531;"64610701";عين بلال;Ain Blal
2532;"95810315";تيزغران;Tizoughrane
2533;"11510615";المنصورة;Mansoura
2534;"30610503";مجاط;Majjate
2535;"42810707";وادي المخازن;Oued El Makhazine
2536;"74310313";سيدي عيسى;Sidi Aissa
2537;"72110351";زاوية بن احميدة;Zaouiat Ben Hmida
2538;"42810909";سيدي علال التازي;Sidi Allal Tazi
2539;"31310503";ويزغت;Ouizeght
2540;"35310515";مولاي بوشتى;Moulay Bouchta
2601;"95410425";ايكودار امنابها;Igoudar Mnabha
2602;"35610305";اكزنايةالجنوبية;Gzenaya Al Janoubia
2603;"53010505";البرج;El Borj
2604;"21670927";اتروكوت;Trougout
2605;"72110505";أكرض;Aguerd
2606;"95510507";إبن يعقوب;Ibn Yacoub
2607;"71610307";اولاد مومنة;Oulad Moumna
2608;"95510709";تكزميرت;Tigzmerte
2441;"74270919";الطلوح;Tlauh
2442;"75850713";لخوالقة;Lakhoualqa
2443;"71610507";اروهالن;Irohalen
2444;"22650709";مزكيتام;Mazguitam
2445;"61110103";بوزنيقة;Bouznika
2446;"25330713";مستكمر;Mestegmer
2447;"74270911";اولاد املول;Oulad Imloul
2448;"35310513";مولاي عبدالكريم;Moulay Abdelkrim
2449;"84010707";سكورة اهل الوسط;Skoura Ahl El Oust
2451;"95810303";أنزي;Anzi
2452;"13310705";العوامرة;Laouamra
2453;"45010303";ام عزة;Oumazza
2454;"83630905";كرس تعلالين;Guers Tiaallaline
2455;"82011313";تاذيغوست;Tadighoust
2456;"15710513";بني ليت;Bni Leit
2457;"11510513";لغدير;Laghdir
2458;"64670735";تامدة;Tamda
2460;"44810315";سيدي اعمر الحاضي;Sidi Ameur Al Hadi
2482;"95410721";تزكزاوين;Tizgzaouine
2485;"13310905";بني كرفط;Bni Garfett
2488;"72110317";مسكالة;Meskala
2621;"30610302";عين كرمة-واد الرمان;Ain Karma- Oued Rommane
2622;"53010719";سبت آيت رحو;Sebt Ait Rahou
2623;"50811105";أيت  وعرضى;Ait Ouaarda
2624;"85770727";تغزوت نايت عطى;Taghzoute N'Ait Atta
2625;"64610703";بني خلوك;Bni Khloug
2626;"71910301";الشطيبة;Chtaiba
2627;"53110513";أولاد عبدون;Oulad Abdoune
2628;"32318103";عين البيضاء;Ain Bida
2629;"15710525";زاوية سيدي قاسم;Zaouiat Sidi Kacem
1819;"32710305";واد يفرن;Oued Ifrane
1820;"44810309";مولاي عبد القادر;Moulay Abdelkader
1821;"21670929";اتسافت;Tsaft
1822;"50910103";القصيبة;El Ksiba
1823;"115370507";الطاح;Tah
1824;"70410309";أيت  سيدي داود;Ait Sidi Daoud
1825;"35610307";اجبارنة;Jbarna
1826;"100710501";المحبس;Al Mahbass
1827;"113210101";المرسى;El Marsa
1828;"82011305";فركلة السفلى;Ferkla Es-soufla
1829;"32710301";عين اللوح;Ain Leuh
1830;"71610505";أيت حدو يوسف;Ait Haddou Youssef
1831;"61810103";الجديدة;El Jadida
1832;"64670729";اولاد عمران;Oulad Amrane
1833;"71910831";اولاد يعكوب;Oulad Yaacoub
1834;"95410943";سيدي بورجا;Sidi Borja
1835;"74310909";مول البركي;Moul El Bergui
1836;"90010509";الدراركة;Drargua
1837;"95810317";اثنين أداي;Tnine Aday
1838;"112210303";حوزة;Haouza
1839;"95510305";تمنارت;Tamanarte
1840;"31310703";الرميلة;Ermila
1841;"71910327";اولاد امسبل;Oulad Msabbel
1842;"30610105";بوفكران;Boufakrane
1843;"10510525";زاوية سيدي عبد القادر;Zaouiat Sidi Abdelkader
1844;"1410151";سيدي البرنوصي;ARRONDISSEMENTS DE SIDI BERNOUSSI
1845;"92730113";الدشيرة الجهادية;Dcheira El Jihadia
1846;"71910617";الواد لخضر;Louad Lakhdar
1847;"71910105";العطاوية;Laattaouia
1848;"64610317";واد النعناع;Oued Naanaa
2143;"72110525";إيمي نتليت;Imi N'Tlit
2144;"72110521";ايدا وكازو;Ida Ou Kazzou
2145;"71610103";إمنتانوت;Imintanoute
2146;"64670723";لمشرك;Lmechrek
2147;"102610717";تلوين أسكا;Taliouine Assaka
2148;"71610315";سيدي امحمد دليل;Sidi M'Hamed Dalil
2149;"74270725";سكورة الحدرة;Skoura Lhadra
2150;"32710303";بن صميم;Ben Smim
2151;"42910503";أيت إيكو;Ait Ikkou
2152;"104730103";سيدي إفني;Sidi Ifni
2153;"102610505";أسرير;Asrir
2154;"42810509";المكرن;Mograne
2155;"64610713";أولاد بوعلي النواجة;Oulad Bouali Nouaja
2156;"83630103";ميدلت;Midelt
2157;"100710103";الزاك;Zag
2158;"95410517";لكفيفات;Lagfifat
2159;"95810309";سيدي أحمد أوموسى;Sidi Ahmed Ou Moussa
2160;"95811109";وجان;Ouijjane
2161;"104730707";إبضر;Ibdar
2162;"10510107";تارجيست;Targuist
2163;"61170525";الساحل اولاد احريز;Sahel Oulad H'Riz
2164;"73510303";حربيل;Harbil
2165;"42910311";مجمع الطلبة;Majmaa Tolba
2166;"12270305";أنجرة;Anjra
2167;"21670919";اولاد امغار;Oulad Amghar
2168;"53110103";بوجنيبة;Boujniba
2169;"61170511";لغنيميين;Laghnimyine
2170;"95410459";تكوكة;Tigouga
2171;"42910509";المعازيز;Maaziz
2172;"22510503";بني كيل;Bni Guil
2481;"61410181";مشور الدار البيظاء;Mechouar de Casablanca
2483;"11510507";بني صالح;Bni Salah
2486;"64610914";مزامزة الجنوبية;Mzamza Janoubia
2487;"85870337";تمزموط;Tamezmoute
2631;"71610911";سيدي عبد المومن;Sidi Abdelmoumen
2641;"71610715";الزاوية النحلية;Zaouia Annahlia
2642;"35310517";سيدي العابد;Sidi El Abed
2643;"23810711";اولاد داوود أزخانين;Oulad Daoud Zkhanine
2644;"34510713";تازوطة;Tazouta
2645;"85770701";ايت الفرسي;Ait El Farsi
2647;"34510307";دار الحمراء;Dar El Hamra
2648;"95410703";أهل تفنوت;Ahl Tifnoute
2651;"50810519";تاونزة;Taounza
2653;"61170805";الفقرا أولاد عمرو;Foqra Oulad Aameur
2655;"64610715";أولاد فارس الحلة;Oulad Fares El Halla
2656;"85770505";ايت سدرات الجبل  العليا;Ait Sedrate JbelEl Oulia
2658;"14050709";ونانة;Ounnana
2660;"63710103";عين حرودة;Ain Harrouda
2672;"64610721";سيدي بومهدي;Sidi Boumehdi
2675;"71910503";بوي عمر;Bouya Omar
2679;"102610509";فاصك;Fask
2681;"82011301";اغبالو انكردوس;Aghbalou N'Kerdous
2682;"85870331";تاغبالت;Taghbalte
2683;"24110511";مستفركي;Mestferki
2684;"72110551";تمزكدة أوفتاس;Timizguida-Ouftas
2685;"111210301";كلتة زمور;Gueltat Zemmour
2686;"32710103";ايفران;Ifrane
2687;"73510501";أكفاي;Agafay
2688;"90010723";تغازوت;Taghazout
2689;"53010717";أم الربيع;Oum Rabia
2743;"105210103";الوطية;El Ouatia
2744;"64670701";بني هلال;Bni Hilal
2745;"90010715";إمسوان;Imsouane
2746;"70410319";تمازوزت;Tamazouzte
2747;"104730705";بوطروش;Boutrouch
2748;"95510703";إسافن;Issafen
2749;"23810701";افسو;Afsou
2750;"34510311";امطر ناغة;Mtarnagha
2751;"53110307";بوخريص;Boukhrisse
2752;"123910101";الداخلة;Dakhla
2753;"64610333";سيدي حجاج;Sidi Hajjaj
2754;"23810713";اولاد ستوت;Oulad Settout
2755;"83630107";الريش;Er-rich
2756;"11510303";باب برد;Bab Berred
2757;"72110321";مولاي بوزرقطون;Moulay Bouzarqtoune
2758;"61810511";سيدي محمد اخديم;Sidi M'Hamed Akhdim
2759;"82011101";بني امحمد سجلماسة;Bni M'Hamed-Sijelmassa
2760;"72110319";المواريد;Mouarid
2761;"111210303";جريفية;Jraifia
2762;"44810721";توغيلت;Taoughilt
2763;"104730507";ميراللفت;Mirleft
2764;"95410303";آيت عبدالله;Ait Abdallah
2765;"82010309";فزنا;Fezna
2766;"22750135";تويسيت;Touissit
2767;"42910902";عين الجوهرة - سيدي بوخلخال;Ain Johra -Sidi Boukhalkhal
2768;"74270709";لبريكيين;Labrikiyne
2769;"53110503";بني يخلف;Bni Ykhlef
2770;"92730519";اولاد دحو;Oulad Dahou
2771;"64610925";سيدي العايدي;Sidi El Aidi
2772;"82010111";الجرف;Jorf
1759;"70410519";تزكين;Tizguine
1760;"11510703";بني منصور;Bni Mansour
1761;"25330315";أولاد امحمد;Oulad M'hammed
1762;"45010505";صباح;Sabbah
1763;"85770111";تنغير;Tinghir
1764;"111210101";بوجدور;Boujdour
1765;"91630531";سيدي وساي;Sidi Ouassay
1766;"35910303";ميكس;Mikkes
1767;"85770301";أيت هاني;Ait Hani
1768;"71910807";المربوح;El Marbouh
1769;"11510711";تاسيفت;Tassift
1770;"64610711";أولاد عامر;Oulad Amer
1771;"11510511";فيفي;Fifi
1772;"72110501";أدغاس;Adaghas
1773;"31710507";القصير;Laqsir
1774;"23810109";ازغنغان;Zeghanghane
1775;"74310111";سبت كزولة;Sebt Gzoula
1776;"13310701";بوجديان;Bou Jedyane
1778;"13311109";ريصانة الجنوبية;Rissana Janoubia
1779;"82010703";شرفاء مدغرة;Chorfa M'Daghra
1780;"50910309";سيدي جابر;Sidi Jaber
1809;"35310319";تبودة;Tabouda
1810;"21670917";وردانة;Ouardana
1811;"85770511";ايت سدرات السهل الغربية;Ait Sedrate Sahl El Gharbia
1812;"74270909";أنزالت  لعظم;Nzalat Laadam
1813;"31710103";عين تاوجطات;Ain Taoujdate
1814;"61110504";سيدي بطاش;Sidi Bettache
1815;"120660309";الزوك;Zoug
1816;"34510301";العدرج;Adrej
1817;"50811317";سيدي يعقوب;Sidi Yacoub
1818;"22650501";الصباب;Assebbab
2025;"42910101";الخميسات;Khémisset
2026;"85770503";ايت واسيف;Ait Ouassif
2027;"12270505";القصر الصغير;Ksar Sghir
2028;"50811521";تفني;Tifni
2029;"70410709";أمكدال;Imgdal
2030;"61110105";المنصورية;El Mansouria
2031;"42910707";الزحيلكة;Ezzhiliga
2032;"22750117";جرادة;Jerada
2033;"31310103";ميسور;Missour
2034;"95510303";قصبة سيدي عبدالله بن مبارك;Kasbat Sidi Abdellah Ben M'Barek
2035;"44210107";التواركة;Touarga
2036;"85870935";تامكروت;Tamegroute
2037;"53010715";مولاي بوعزة;Moulay Bouazza
2038;"83630503";أكديم;Agoudim
2039;"102610301";أداي;Aday
2040;"23810115";راس الماء;Ras El Ma
2041;"1410121";عين السبع الحي المحمدي;ARRONDISSEMENTS D'AIN SEBAA - HAY MOHAMMADI
2042;"25330113";دبدو;Debdou
2043;"21670313";تزاغين;Tazaghine
2044;"95410107";أولاد برحيل;Oulad Berhil
2045;"42910701";عين السبيت;Ain Sbit
2046;"22510311";تالسينت;Talsint
2047;"102610309";تكانت;Tagante
2048;"61810911";اولاد سيدي علي بن يوسف;Oulad Sidi Ali Ben Youssef
2049;"74310707";لعمامرة;Laamamra
2050;"64610321";أولاد فارس;Oulad Fares
2051;"84010305";ازناكن;Iznaguen
2052;"70411117";تمكرت;Tamaguert
2053;"21670307";دار الكبداني;Dar El Kebdani
2323;"73510713";تسلطانت;Tassoultante
2324;"50810307";أيت امحمد;Ait M'Hamed
2325;"35611111";الطايفة;Taifa
2326;"13310901";عياشة;Ayacha
2327;"112210309";تفاريتي;Tifariti
2328;"35310901";عين عائشة;Ain Aicha
2329;"35310913";واد الجمعة;Oued Jemaa
2330;"15730305";بليونش;Belyounech
2331;"61810305";لغديرة;Laghdira
2332;"12270311";جوامعة;Jouamaa
2333;"82011109";سيدي علي;Sidi Ali
2334;"84010303";امرزكان;Amerzgane
2335;"95410701";أكادير ملول;Agadir Melloul
2336;"61170533";السوالم الطريفية;Soualem Trifiya
2337;"120660307";تشلا;Tichla
2338;"91630729";سيدي بوالسحاب;Sidi Boushab
2339;"21670113";ميضار;Midar
2340;"74270101";ابن جرير;Ben Guerir
2341;"35910505";الوادين;Louadaine
2342;"35310503";بوشابل;Bouchabel
2343;"13310711";سوق القلة;Souk L'Qolla
2344;"42910919";أيت علي أولحسن;Ait Ali ou Lahcen
2345;"34510303";عين تمكناي;Ain Timguenai
2346;"14050711";سيدي أحمدالشريف;Sidi Ahmed Cherif
2347;"102610311";تغجيجت;Taghjijt
2348;"10510707";بني ابشير;Bni Bchir
2349;"71610517";تمزكدوين;Timezgadiouine
2350;"50810521";تسقي;Tisqi
2351;"42910715";مولاي ادريس أغبال;Moulay Driss Aghbal
2014;"35310909";البسابسا;El Bsabsa
2015;"83630513";أنمزي;Anemzi
2016;"74310907";حرارة;Hrara
2017;"72110515";الزاويت;Ezzaouite
2018;"75850715";رأس العين;Ras El Ain
2019;"34510313";اولاد مكودو;Oulad Mkoudou
2020;"102610715";راس أمليل;Rass Oumlil
2021;"35310307";ودكة;Oudka
2022;"14050909";مقريصات;Moqrisset
2023;"30610301";عين الجمعة;Ain Jemaa
2024;"53110301";عين قيشر;Ain Kaicher
2384;"35910507";اولاد ميمون;Oulad Mimoun
2386;"104730515";اثنين أملو;Tnine Amellou
2388;"45010107";تمارة;Témara
2390;"95410307";أزغار نيرس;Azaghar N'Irs
2392;"13311103";أولاد أوشيح;Oulad Ouchih
2395;"31710701";ايت  بورزوين;Ait Bourzouine
2398;"50810305"; أيت بواولي;Ait Bou Oulli
2400;"35310721";الزريزر;Zrizer
2404;"31710301";ايت ويخلفن;Ait Ouikhalfen
2409;"14051111";زومي;Zoumi
2411;"53010309";واو مانة;Ouaoumana
2413;"71610503";عين تزيتونت;Ain Tazitounte
2417;"72110325";المخاليف;M'Khalif
2419;"42811111";سيدي بوبكر الحاج;Sidi Boubker El Haj
2421;"95410319";سيدي مزال;Sidi Mzal
2422;"21670915";امهاجر;M'Hajer
2423;"14050715";سيدي رضوان;Sidi Redouane
2424;"112210305";الجديرية;Jdiriya
2425;"31710305";جحجوح;Jahjouh
2426;"64671109";سانية بركيك;Saniat Berguig
2427;"50811101";أفورار;Afourar
2428;"83631507";إملشيل;Imilchil
2429;"23810513";ايعزانن;Iaazzanene
2430;"42910705";البراشوة;Brachoua
2432;"44910315";الصفافعة;Sfafaa
2433;"35610107";تاهلة;Tahla
2434;"71910821";اولاد الشرقي;Oulad Cherki
2435;"53110713";أولاد عيسى;Oulad Aissa
2436;"95410315";والقاضي;Oualqadi
2438;"52551107";اولاد ناصر;Ouled Nacer
2573;"24110517";سيدي بولنوار;Sidi Boulenouar
2574;"30610111";ويسلان;Ouislane
2575;"71610707";كماسة;Gmassa
2576;"64610113";اولاد امراح;Oulad M'Rah
2577;"100710303";عوينة يغمان;Aouint Yghomane
2578;"63550101";لهراويين;Lahraouyine
2579;"50811125";تيموليلت;Timoulilt
2580;"85870715";الروحا;Errouha
2691;"95410449";تافنكولت;Tafingoult
2692;"73510505";الاوداية;Loudaya
2693;"72110323";المزيلات;Mzilate
2694;"95410423";إكلي;Igli
2695;"61810913";اولاد فرج;Ouled Frej
2696;"31310102";ايموزار مرموشة;Imouzzer Marmoucha
2697;"31710307";راس ايجيري;Ras Ijerri
2698;"24110123";وجدة;Oujda
2699;"71610311";سيدي المختار;Sid L'Mokhtar
2700;"72110311";لكدادرة;Lagdadra
2701;"35610913";الزراردة;Zrarda
2702;"74310109";جمعة سحيم;Jamaat Shaim
2703;"31310101";بولمان;Boulemane
2704;"14050701";بني كلة;Bni Quolla
2705;"70410501";أمغراس;Amghras
2706;"92730527";تمسية;Temsia
2707;"44810909";ثكنة;Tekna
2708;"50911107";سمكت;Semguet
2709;"42910909";خميس سيدي يحيى;Khemis Sidi Yahya
2710;"70410913";اغواطيم;Aghouatim
2711;"44810107";مشرع بلقصيري;Mechraa Bel Ksiri
2712;"13310913";تازروت;Tazroute
2953;"15710519";أولاد علي منصور;Oulad Ali Mansour
2954;"31710703";ايت نعمان;Ait Naamane
2955;"21670305";أمجاو;Amejjaou
2956;"71910711";اجبيل;Jbiel
2957;"83630501";أغبالو;Aghbalou
2958;"50810923";تيلوكيت;Tilougguite
2959;"21670925";تمسمان;Temsamane
2960;"34510315";راس تابودة;Ras Tabouda
2961;"61110305";فضالات;Fdalate
2962;"61170107";الكارة;El Gara
2963;"63850101";بوسكورة;Bouskoura
2964;"35310917";أولاد داود;Oulad Daoud
2965;"52550907";برادية;Bradia
2966;"95410709";أساكي;Assaki
2967;"95510711";تزغت;Tizaghte
2968;"34510107";رباط الخير;Ribate El Kheir
2969;"50810301";أكودي نلخير;Agoudi N'Lkhair
2970;"72110315";مجي;Mejji
2971;"42910913";سيدي عبدالرزاق;Sidi Abderrazak
2972;"73510311";اولاد دليم;Ouled Dlim
2973;"72110329";أولاد امرابط;Oulad M'Rabet
2974;"95510509";تسينت;Tissint
2975;"50910101";بني ملال;Béni Mellal
2976;"74270915";سيدي بوبكر;Sidi Boubker
2977;"24110111";بني درار;Bni Drar
2978;"61170113";سيدي رحال الشاطئ;Sidi Rahal Chatai
2979;"10510301";بني بوفراح;Bni Boufrah
2980;"53110501";بئر مزوي;Bir Mezoui
2981;"85770103";بومالن دادس;Boumalne Dades
2982;"22750103";عين بني مطهر;Ain Bni Mathar
1753;"104730501";أربعاء أيت عبد الله;Arbaa Ait Abdellah
1777;"64610311";مريزيك;Mrizigue
1781;"72110327";امرامر;M'Ramer
1782;"95410503";أركانة;Argana
1783;"95410105";إيغرم;Irherm
1784;"25330907";كطيطير;Gteter
1785;"11510919";ووزكان;Ouaouzgane
1786;"13311113";سوق الطلبة;Souk Tolba
1787;"71910109";تملالت;Tamallalt
1788;"72110343";سيدي لعروسي;Sidi Laaroussi
1789;"50910703";أيت ام البخت;Ait Oum El Bekht
1790;"74310303";الكرعاني;El Gouraani
1791;"71910829";اولاد أصبيح;Oulad Sbih
1792;"50810311";تامدة نومرصيد;Tamda Noumercid
1793;"42810503";بنمنصور;Ben Mansour
1794;"35910509";سيدي داود;Sidi Daoud
1795;"104730503";امي نفاست;Imi N'Fast
1796;"21130311";مداغ;Madagh
1797;"30610309";دار أم السلطان;Dar Oum Soltane
1798;"91630503";أيت  ميلك;Ait Milk
1799;"25330133";تاوريرت;Taourirt
1800;"52551103";احد بوموسى;Had Boumoussa
1801;"21670109";الدريوش;Driouch
1802;"15730101";الفنيدق;Fnideq
1803;"71610703";اسيف المال;Assif El Mal
1804;"24110301";أهل أنكاد;Ahl Angad
1805;"123910503";اكليبات الفولة;Gleibat El Foula
1806;"53110709";لكناديز;Lagnadiz
1807;"15710527";الزينات;Zinat
1808;"95410719";تسوسفي;Tassousfi
2263;"21670301";عين الزهرة;Ain Zohra
2265;"34510707";كندر سيدي اخيار;Kandar Sidi Khiar
2266;"95410911";بونرار;Bounrar
2267;"35610705";بوحلو;Bouhlou
2269;"63850303";اولاد عزوز;Oulad Azzouz
2271;"85870917";فزواطة;Fezouata
2273;"120660305";أوسرد;Aousserd
2275;"120660303";اغوينيت;Aghouinite
2279;"53110515";أولاد عزوز;Oulad Azzouz
2281;"25330911";ملك الويدان;Melg El Ouidane
2282;"74310905";البدوزة;El Beddouza
2283;"35310715";مزراوة;Mezraoua
2284;"72110503";أكليف;Aglif
2285;"82010101";أرفود;Arfoud
2286;"72110309";الكريمات;Korimate
2287;"72110335";سيدي عيسى الركراكي;Sidi Aissa Regragui
2288;"85870745";تنزولين;Tinzouline
2289;"71910305";العامرية;El Aamria
2291;"32318105";سيدي حرازم;Sidi Harazem
2292;"13311107";ريصانة الشمالية;Rissana Chamalia
2293;"10510913";اساكن;Issaguen
2295;"95410301";اضار;Adar
2297;"15710523";الزيتون;Zaitoune
2299;"50910713";تاكزيرت;Taghzirt
2311;"30610103";المشور - استينية;Machouar - Stinia
2315;"85770305";أسول;Assoul
2317;"120660103";الكويرة;Lagouira
2319;"61170809";قصبة بن مشيش;Kasbat Ben Mchich
2321;"71910505";الشعراء;Choara
2322;"61810703";حوزية;Haouzia
2893;"14050713";سيدي بوصبر;Sidi Bousber
2894;"61810915";سبت سايس;Sebt Saiss
2895;"64670713";كرديد;Kridid
2896;"53110105";حطان;Hattane
2897;"35310919";أوطابوعبان;Outa Bouabane
2898;"44811103";دار العسلوجي;Dar Laaslouji
2899;"34510101";البهاليل;Bhalil
2900;"15110317";العوامة;Laaouama
2901;"91630325";سيدي عبد الله البوشواري;Sidi Abdallah El Bouchouari
2902;"53010101";خنيفرة;Khenifra
2903;"15710317";صدينة;Saddina
2904;"15110301";المنزلة;Al Manzla
2905;"83630525";تيزي نغشو;Tizi N'Ghachou
2907;"85770515";اغيل نومكون;Ighil N'Oumgoun
2908;"75850705";اسبيعات;Esbiaat
2909;"31310709";تيساف;Tissaf
2910;"85870301";افلا ندرا;Afella N'Dra
2911;"22650713";راس القصر;Ras Laksar
2912;"90010511";إضمين;Idmine
2913;"23810717";تزطوطين;Tiztoutine
2914;"30610705";المغاصيين;MRhassiyine
2915;"83631505";بوازمو;Bou Azmou
2916;"61810919";سيدي اسماعيل;Sidi Smail
2917;"85770731";تودغىالعليا;Toudgha El Oulia
2918;"83630913";زاوية سيدي حمزة;Zaouiat Sidi Hamza
2919;"85870327";اولاد يحيى لكراير;Oulad Yahia Lagraire
2920;"50810511";مولاي عيسى بن ادريس;Moulay Aissa Ben Driss
2928;"74270903";بوروس;Bourrous
2931;"13310915";زعرورة;Zaaroura
2933;"50810517";تنانت;Tanant
1909;"95410509";الدير;Eddir
1910;"71910813";لوناسدة;Lounasda
1911;"71910629";سور العز;Sour El Aaz
1912;"83630907";كير;Guir
1913;"61810301";شتوكة;Chtouka
1914;"21130515";سيدي بوهرية;Sidi Bouhria
1915;"22750501";بني مطهر;Bni Mathar
1916;"44810301";عين الدفالي;Ain Dfali
1917;"75850701";اطياميم;Atiamim
1918;"95410765";تيسراس;Tisrasse
1919;"85870713";بوزروال;Bouzeroual
1920;"21130503";بوغريبة;Boughriba
1921;"64610923";ريما;Rima
1922;"102610711";لبيار;Labyar
1923;"64610913";مشرع بن عبو;Machraa Ben Abbou
1924;"44810507";انويرات;Nouirate
1925;"74270901";عكرمة;Akarma
1926;"35610707";غياثةالغربية;Ghiata Al Gharbia
1927;"53110703";بني سمير;Bni Smir
1928;"10510705";بني عمارت;Bni Ammart
1929;"21130309";لعثامنة;Laatamna
1930;"42811107";مولاي بوسلهام;Moulay Bousselham
1931;"95410447";سيدي واعزيز;Sidi Ouaaziz
1932;"64670715";لعكاكشة;Laagagcha
1933;"95410529";سيدي موسىالحمري;Sidi Moussa Lhamri
1934;"72110303";أقرمود;Aquermoud
1935;"50910517";تيزي نيسلي;Tizi N'Isly
1936;"91630103";أيت  بها;Ait Baha
1937;"71910625";اولاد خلوف;Oulad Khallouf
1938;"85770723";واكليم;Ouaklim
2264;"74310301";بوكدرة;Bouguedra
2268;"50911103";اولاد يوسف;Ouled Youssef
2270;"50910707";ديرالقصيبة;Dir El Ksiba
2272;"84010701";غسات;Ghassate
2274;"35610301";أجدير;Ajdir
2276;"21670303";ايت مايت;Ait Mait
2277;"64610919";أولاد سعيد;Oulad Said
2278;"50910311";فم العنصر;Foum El Anceur
2280;"75850113";اليوسفية;Youssoufia
2290;"21130505";شويحية;Chouihia
2294;"44410301";السهول;Shoul
2296;"95410531";تالماكانت;Talmakante
2298;"45010109";عين عتيق;Ain Attig
2300;"22750307";لعوينات;Laaouinate
2301;"53010301";آيت إسحاق;Ait Ishaq
2302;"64610109";لولاد;Loulad
2303;"95510107";طاطا;Tata
2304;"21130107";اكليم;Aklim
2305;"35310103";قرية با محمد;Karia Ba Mohamed
2306;"50810903";أيت مزيغ;Ait Mazigh
2307;"34510711";سيدي يوسف بن احمد;Sidi Youssef Ben Ahmed
2308;"30610701";شرقاوة;Charqaoua
2309;"52550105";الفقيه بن صالح;Fquih Ben Salah
2310;"50910301";فم أودي;Foum Oudi
2312;"115370501";أخفنير;Akhfennir
2313;"64670733";اولاد سي بوحيى;Oulad Si Bouhya
2314;"64610709";مسكورة;Meskoura
2316;"73510107";مراكش;Marrakech
2318;"15710303";الخروب;AL Kharroub
2320;"70410515";اولاد امطاع;Oulad Mtaa
2833;"95510103";فم الحصن;Fam El Hisn
2834;"95410533";تدسي نسندالن;Tidsi Nissendalene
2835;"74310705";خط أزكان;Khatazakane
2836;"74270715";سيدي عبد الله;Sidi Abdallah
2837;"50810515";تابية;Tabia
2838;"53110715";أولاد بوغادي;Oulad Boughadi
2839;"35610303";بورد;Bourd
2840;"22750313";رأس عصفور;Ras Asfour
2841;"113210305";فم الواد;Foum El Oued
2842;"95810905";آملن;Ammelne
2843;"75850107";الشماعية;Echemmaia
2844;"31710105";الحاجب;El Hajeb
2845;"35610907";مطماطة;Matmata
2846;"95811111";الركادة;Reggada
2847;"82010701";اوفوس;Aoufous
2848;"15710515";بني سعيد;Bni Said
2849;"95510511";تليت;Tlite
2850;"63710301";بني يخلف;Bni Yakhlef
2851;"104730511";تنكرفا;Tangarfa
2852;"74310103";اسفي;Safi
2853;"42810901";بحارة اولاد عياد;Bahhara Ouled Ayad
2854;"61810509";سيدي عابد;Sidi Abed
2855;"52550109";أولاد عياد;Ouled Ayad
2856;"22510101";بوعرفة;Bouarfa
2857;"71910521";واركي;Ouargui
2858;"15110107";طنجة;Tanger
2859;"95410311";امي نتيارت;Imi N'Tayart
2860;"83630709";ايت إزدك;Ait Izdeg
2861;"71910731";زمران;Zemrane
2862;"64610315";انخيلة;N'Khila
1;"85330709";;MECHRAA HAMMADI
2;"114310905";;EL BEDDOUZA
3;"114310711";;NAGGA
4;"162270505";;KSAR SGHIR
5;"45810701";;AIT ERKHA
6;"81130505";;CHOUIHIA
9;"163310513";;TAZROUTE
10;"161510903";;ASJEN
11;"163310313";;SOUK TOLBA
12;"165710317";;SADDINA
13;"155310711";;FENNASSA BAB EL HIT
14;"45410901";;AHMAR LAGLALCHA
15;"93710103";;AIN HARROUDA
16;"45410527";;SIDI BOUMOUSSA
17;"102910707";;EZZHILIGA
18;"35510501";;AGUINANE
19;"44010513";;AIT YOUL
20;"120910709";;FOUM EL ANCEUR
21;"120810715";;SIDI BOULKHALF
22;"45870337";;TAMEZMOUTE
23;"45410437";;OUZIOUA
24;"114310907";;HRARA
25;"63110715";;OULAD BOUGHADI
26;"133010701";;AGHBALOU
27;"114310315";;SIDI ETTIJI
28;"163310303";;KSAR BJIR
29;"133010705";;AIT AYACH
33;"163310317";;ZOUADA
34;"114310901";;AYIR
35;"54810705";;MASMOUDA
36;"114310701";;ATOUABET
37;"161510515";;TANAQOUB
40;"114310511";;JNANE BOUIH
41;"161510911";;ZOUMI
42;"45810705";;BOUTROUCH
43;"161510713";;TIZGANE
44;"111810723";;LMECHREK
45;"54810315";;SIDI AMEUR AL HADI
46;"73510507";;SAADA
47;"132010905";;GUERS TIAALLALINE
48;"162270321";;TAGHRAMT
49;"111810707";;JABRIA
50;"132010505";;ASSOUL
51;"54810719";;ZGHIRA
52;"133010709";;AIT IZDEG
53;"161510309";;BNI RZINE
54;"45810501";;ARBAA AIT ABDELLAH
56;"163310305";;LAOUAMRA
57;"82750305";;GUENFOUDA
58;"54810707";;MZEFROUNE
59;"93550305";;SIDI HAJJAJ OUED HASSAR
60;"44010517";;IKNIOUEN
61;"132010901";;EN-NZALA
62;"163310301";;BOU JEDYANE
63;"161510505";;BNI FAGHLOUM
64;"161510901";;AIN BEIDA
65;"64610527";;SIDI ABDELKHALEQ
67;"161510705";;BNI SELMANE
68;"161510703";;BNI MANSOUR
70;"111811109";;SANIAT BERGUIG
71;"93850305";;OULAD SALAH
72;"114310305";;LABKHATI
73;"114310505";;ESBIAAT
74;"130610501";;DKHISSA
75;"114310507";;IGHOUD
76;"64610511";;LAGHNIMYINE
77;"64610531";;SIDI RAHAL CHATAI
78;"64610823";;RIAH
79;"83810907";;BOUDINAR
80;"162270305";;ANJRA
81;"64610821";;OULED ZIDANE
82;"132710307";;SIDI EL MAKHFI
84;"111810305";;LAGHDIRA
85;"133010711";;AMERSID
86;"83810921";;TAFERSIT
87;"85330713";;MESTEGMER
88;"71910311";;HIADNA
90;"161510501";;BAB TAZA
91;"114310307";;LAHDAR
93;"133010525";;SIDI LAMINE
94;"111810303";;HAOUZIA
95;"114310703";;EL GHIATE
96;"165710501";;AL HAMRA
97;"165710319";;SOUK KDIM
98;"120810507";;BZOU
99;"155310303";;GALAZ
100;"45410303";;AIT ABDALLAH
101;"45410429";;LAMHARA
102;"105010505";;SABBAH
103;"45811109";;OUIJJANE
104;"45410521";;LAMHADI
105;"45410449";;TAFINGOULT
106;"70410317";;TAMAGUERT
107;"45410319";;SIDI MZAL
108;"45870913";;BOUZEROUAL
109;"45870945";;TINZOULINE
110;"93710303";;ECH-CHALLALATE
111;"141310305";;ALMIS MARMOUCHA
112;"45410459";;TIGOUGA
114;"45410919";;IDA OU MOUMEN
118;"45410945";;SIDI DAHMANE
119;"52810907";;MOULAY BOUSSELHAM
120;"105010311";;SIDI YAHYA ZAER
121;"71910307";;EL MARBOUH
122;"155310713";;KHLALFA
124;"45810317";;TNINE ADAY
125;"45410423";;IGLI
126;"45811111";;REGGADA
127;"150510511";;CHAKRANE
128;"93710305";;SIDI MOUSSA BEN ALI
129;"105010301";;EL MENZEH
130;"102910713";;MARCHOUCH
131;"155310511";;MKANSA
132;"45810305";;ARBAA AIT AHMED
133;"45811115";;TNINE AGLOU
134;"155310719";;TAMEDIT
138;"45810901";;AFELLA IGHIR
139;"141310703";;ERMILA
140;"155310905";;AIN MAATOUF
142;"114310313";;SIDI AISSA
143;"102910701";;AIN SBIT
144;"155611305";;BNI LENT
145;"165710505";;AL OUED
147;"114310903";;DAR SI AISSA
148;"71910531";;ZEMRANE
149;"111810905";;METTOUH
151;"63110507";;LAGFAF
152;"45870327";;OULAD YAHIA LAGRAIRE
154;"45410711";;AZRAR
155;"45810905";;AMMELNE
156;"150510717";;MOULAY AHMED CHERIF
157;"150510713";;ISSAGUEN
158;"155310901";;AIN AICHA
159;"52810313";;SIDI TAIBI
160;"133010729";;ZAIDA
161;"93550303";;LAHRAOUYINE
162;"161510323";;TAMOROT
163;"54810715";;SIDI REDOUANE
164;"45810315";;TIZOUGHRANE
165;"45810307";;IDA OU GOUGMAR
166;"120810911";;BIN EL OUIDANE
167;"120810311";;TAMDA NOUMERCID
168;"132010707";;LKHENG
169;"132010503";;AMELLAGOU
170;"141310501";;KSABI MOULOUYA
172;"82750303";;GAFAIT
173;"82750321";;TIOULI
174;"82510311";;TALSINT
175;"132011307";;GHERIS EL OULOUI
176;"102910303";;AIT OURIBEL
178;"132010705";;ER-RTEB
179;"120910511";;SIDI AISSA BEN ALI
180;"54810709";;OUNNANA
181;"132010903";;GOURRAMA
182;"133010719";;MIBLADEN
183;"155610517";;TADDART
184;"70410325";;TIGHEDOUINE
185;"63110719";;OULAD FTATA
186;"52810505";;DAR BEL AMRI
187;"54810717";;TEROUAL
188;"132010113";;MOULAY ALI CHERIF
189;"54810305";;KHNICHET
190;"102910705";;BRACHOUA
191;"141310317";;TALZEMT
192;"142318101";;OULAD TAYEB
193;"120910513";;Sidi Hammadi
194;"73510511";;Souihla
201;"9913583211";ERFOUD;ERFOUD
202;"9952047672";CASABLANCA;CASABLANCA
203;"9994834861";TAMESNA;TAMESNA
204;"9932325745";BOUJAAD;BOUJAAD
205;"9976976990";Casablanca Settat;Casablanca Settat
206;"9951847594";AGDAL RIYAD;AGDAL RIYAD
207;"9991334842";MEKNES;MEKNES
208;"9945079828";TEMARA;TEMARA
209;"9910001019";MRIRT;MRIRT
210;"9912931109";OULED TEIMA;OULED TEIMA
211;"9971526686";FES;FES
212;"9985480956";AIN AOUDA;AIN AOUDA
213;"9995551026";OUAZZANE;OUAZZANE
214;"9968419173";TETOUAN;TETOUAN
215;"9949588582";AIN BENI MATHAR;AIN BENI MATHAR
216;"9920484051";JERRADA;JERRADA
217;"9952239433";AIN CHOCK;AIN CHOCK
218;"9920164687";ERRAHMA;ERRAHMA
219;"9996151057";AIN DORBANE - LAHLAF;AIN DORBANE - LAHLAF
220;"9986420317";SKHIRAT;SKHIRAT
221;"9934622484";ZENATA;ZENATA
222;"9950099113";AIN JOHRA - SIDI BOUKHALKHAL;AIN JOHRA - SIDI BOUKHALKHAL
223;"9940511409";KHEMISSET;KHEMISSET
224;"9900023109";KENITRA;KENITRA
225;"9988576692";AIN KANSARA;AIN KANSARA
226;"9958468474";AIN KARMA-OUED ROMMANE;AIN KARMA-OUED ROMMANE
227;"9904058066";AIN SEBAA;AIN SEBAA
228;"9905089591";BEN SLIMANE;BEN SLIMANE
229;"9932281263";AIN-LEUH;AIN-LEUH
230;"9940553461";SIDI ALLAL BAHRAOUI;SIDI ALLAL BAHRAOUI
231;"9915771229";AIT BOUYAHIA EL HAJJAMA;AIT BOUYAHIA EL HAJJAMA
232;"9962777944";BENGUERIR;BENGUERIR
233;"9976776468";AIT HKIM AIT YZID;AIT HKIM AIT YZID
234;"9932282107";KSBAT TADLA;KSBAT TADLA
235;"9966234093";OUAOUIZERTH;OUAOUIZERTH
236;"9924140379";AIT M'ZAL;AIT M'ZAL
237;"9965375429";AIT SEDRATE JBEL EL OULIA;AIT SEDRATE JBEL EL OULIA
238;"9939632167";AIT SEDRATE JBEL SOUFLA;AIT SEDRATE JBEL SOUFLA
239;"9945719489";AIT-HANI;AIT-HANI
240;"9918298853";AIT-MAIT;AIT-MAIT
241;"9936465766";AIT-OUALLAL;AIT-OUALLAL
242;"9987788017";AL-AAROUI;AL-AAROUI
243;"9925190975";AL FIDA;AL FIDA
244;"9917018639";MDIQ;MDIQ
245;"9938390226";AL MACHOUAR STINIA;AL MACHOUAR STINIA
246;"9901377450";TIT MLIL;TIT MLIL
247;"9996237788";TIT MELIL;TIT MELIL
248;"9908493555";AL OUIDANE;AL OUIDANE
249;"9936803371";ANFA;ANFA
250;"9974525295";TANTAN;TANTAN
251;"9950343586";AQSRI;AQSRI
252;"9993113132";ASSOUKHOUR ASSAWDA;ASSOUKHOUR ASSAWDA
253;"9990446664";EL HAOUZIA;EL HAOUZIA
254;"9958372355";JORF LASFAR;JORF LASFAR
255;"9936240738";SOUK LARBAA;SOUK LARBAA
256;"9946955066";BEN M'SICK;BEN M'SICK
257;"9921083424";BENI MELLAL;BENI MELLAL
258;"9974188545";BENMANSOUR;BENMANSOUR
259;"9909379871";BIR TAM-TAM;BIR TAM-TAM
260;"9917419341";BNI ABDELLAH;BNI ABDELLAH
261;"9971944577";BNI NSAR;BNI NSAR
262;"9922928852";BNI A'YAT;BNI A'YAT
263;"9971434774";SOUK SEBT;SOUK SEBT
264;"9915731891";BENI DRAR;BENI DRAR
265;"9921844206";BNI M'HAMMED SIJELMASSA;BNI M'HAMMED SIJELMASSA
266;"9934383405";EL KARIA;EL KARIA
267;"9917725772";BOU-AZMOU;BOU-AZMOU
268;"9985400499";BOULANOUARE;BOULANOUARE
269;"9919393239";DAR-EL-KEBDANI;DAR-EL-KEBDANI
270;"9919633065";EL MAARIF;EL MAARIF
271;"9926047685";EL YOUSSOUFIA;EL YOUSSOUFIA
272;"9914763883";EL-HAJEB;EL-HAJEB
273;"9934392397";ES SMARA;ES SMARA
274;"9942445064";FERKLA ES SOUFLA;FERKLA ES SOUFLA
275;"9979285316";FOUM-ZGUID;FOUM-ZGUID
276;"9902569803";HASSAN;HASSAN
277;"9941690055";HAY HASSANI;HAY HASSANI
278;"9981720795";HAY MOHAMMADI;HAY MOHAMMADI
279;"9918263322";IMI-N'FAST;IMI-N'FAST
280;"9918547658";IMI-N'OULAOUNE;IMI-N'OULAOUNE
281;"9948859839";IOUNANE;IOUNANE
282;"9986271176";IRHZRANE;IRHZRANE
283;"9923384414";JORF EL MELHA;JORF EL MELHA
284;"9996353300";KAF AL GHAR;KAF AL GHAR
285;"9903006658";KALAAT SRAGHNA;KALAAT SRAGHNA
286;"9936564102";L'AATAMNA;L'AATAMNA
287;"9954024808";LAATTAOUIA ECH CHAIBIA;LAATTAOUIA ECH CHAIBIA
288;"9952083161";MAKNASSA ACHARQIA;MAKNASSA ACHARQIA
289;"9945717793";MECHOUAR FES EL JADID;MECHOUAR FES EL JADID
290;"9990462769";MECHRA BEL KSIRI;MECHRA BEL KSIRI
291;"9972331315";MERS SULTAN;MERS SULTAN
292;"9966832267";MOQRISSAT;MOQRISSAT
293;"9985540726";MOULAY IDRISS ZARHOUN;MOULAY IDRISS ZARHOUN
294;"9984450108";MOULAY RACHID;MOULAY RACHID
295;"9979080442";M'SAADA;M'SAADA
296;"9923653340";MY DRISS AGHBAL;MY DRISS AGHBAL
297;"9930044672";OUAD AMLIL;OUAD AMLIL
298;"9908345029";OUED ESSAFA;OUED ESSAFA
299;"9973455463";OULED AISSA;OULED AISSA
300;"9973379867";OULED H'CINE;OULED H'CINE
301;"9949589264";OULED SAID LOUED;OULED SAID LOUED
302;"9951527278";OULED-AISSA;OULED-AISSA
303;"9995203029";OUM AZZA;OUM AZZA
304;"9913901446";OURTZARH;OURTZARH
305;"9985924434";OUTABOUABANE;OUTABOUABANE
306;"9956296087";RAS-EL-MA;RAS-EL-MA
307;"9952858587";RHAFSAI;RHAFSAI
308;"9903005256";SBATA;SBATA
309;"9936492003";SIDI ABDELLAH;SIDI ABDELLAH
310;"9910753552";SIDI ABDELLAH AL KHAYAT;SIDI ABDELLAH AL KHAYAT
311;"9970252155";SIDI ABDELLAH GHIAT;SIDI ABDELLAH GHIAT
312;"9966138186";SIDI AHMED BEN AISSA;SIDI AHMED BEN AISSA
313;"9930922199";SIDI BELYOUT;SIDI BELYOUT
314;"9962611158";SIDI BERNOUSSI;SIDI BERNOUSSI
315;"9960719434";SIDI EL RHANDOUR;SIDI EL RHANDOUR
316;"9976469917";SIDI HMAD OU M'BAREK;SIDI HMAD OU M'BAREK
317;"9918671779";SIDI MOHAMED BENMANSOUR;SIDI MOHAMED BENMANSOUR
318;"9985118282";SIDI MOUMEN;SIDI MOUMEN
319;"9999224090";SIDI MOUSSA EL MAJDOUB;SIDI MOUSSA EL MAJDOUB
320;"9907828176";SIDI OTHMANE;SIDI OTHMANE
321;"9912459213";SIDI RAHAL;SIDI RAHAL
322;"9913135082";SIDI SLIMANE ECHCHARAA;SIDI SLIMANE ECHCHARAA
323;"9901876442";SIDI YAHIA BNI ZEROUAL;SIDI YAHIA BNI ZEROUAL
324;"9906582104";SIDI YAHIA EL GHARB;SIDI YAHIA EL GHARB
325;"9939918682";SIDI YAHIA OU YOUSSEF;SIDI YAHIA OU YOUSSEF
326;"9909803463";SIDI-BOUBKER;SIDI-BOUBKER
327;"9945030471";SIDI-GHANEM;SIDI-GHANEM
328;"9966958291";SKHOUR RHAMNA;SKHOUR RHAMNA
329;"9972634708";TACHRAFAT;TACHRAFAT
330;"9913348513";TARGUA-NTOUCHKA;TARGUA-NTOUCHKA
331;"9985188541";TAROUDANNT;TAROUDANNT
332;"9979907550";TIDILI;TIDILI
333;"9916077323";TOUDGHA ES SOUFLA;TOUDGHA ES SOUFLA
334;"9981032827";YACOUB EL MANSOUR;YACOUB EL MANSOUR
335;"9961262799";ZMAMRA;ZMAMRA
341;"15510101";الحسيمة;Alhoceima
1693;"64670731";اولاد بوساكن;Oulad Boussaken
1694;"63710307";سيدي موسى المجدوب;Sidi Moussa Majdoub
1695;"71910107";سيدي رحال;Sidi Rahhal
1696;"10510915";كتامة;Ketama
1697;"95410931";لمنيزلة;Lamnizla
1698;"85770509";ايت سدرات السهل الشرقية;Ait Sedrate Sahl Charkia
1699;"10510523";تيفروين;Tifarouine
1700;"42910103";الرماني;Rommani
1701;"70411103";أيت عادل;Ait Aadel
1702;"13310101";القصرالكبير;Ksar El Kebir
1703;"14050903";اسجن;Asjen
1704;"35910307";سبت الاوداية;Sebt Loudaya
1705;"30610101";مكناس;Meknès
1706;"50810915";واويزغت;Ouaouizeght
1707;"21670907";بودينار;Boudinar
1708;"82010115";تنجداد;Tinejdad
1709;"70410315";سيدي عبد الله غياث;Sidi Abdallah Ghiat
1710;"53110701";آيت عمار;Ait Ammar
1711;"111210305";لمسيد;Lamssid
1712;"82011311";ملعب;Melaab
1713;"73510503";أيت إيمور;Ait Imour
1714;"42810311";أولاد سلامة;Ouled Slama
1715;"15110307";دار الشاوي;Dar Chaoui
1716;"13311111";الساحل;Sahel
1717;"31310701";العرجان;El Orjane
1718;"53110315";تشرافت;Tachraft
1719;"22750511";مريجة;Mrija
1720;"53110107";خريبكة;Khouribga
1721;"123910501";بئر إنزران;Bir Anzarane
1722;"44910503";بومعيز;Boumaiz
1601;"95810313";تيغمي;Tighmi
1602;"70411125";تغدوين;Tighedouine
1603;"95410435";أوناين;Ouneine
1604;"14050707";امزفرون;Mzefroune
1605;"34510305";بئر طم طم;Bir Tam Tam
1606;"91410161";ابن امسيك;ARRONDISSEMENTS DE BEN M'SIK
1607;"61810307";لمهارزةالساحل;Lamharza Essahel
1608;"102610701";أباينو;Abaynou
1609;"104410103";سلا;SALE
1610;"70410907";ستي فاضمة;Sti Fadma
1611;"35310507";اجبابرة;Jbabra
1612;"53010303";ايت سعدلي;Ait Saadelli
1613;"35610105";واد أمليل;Oued Amlil
1614;"11510509";الدردارة;Derdara
1615;"52550509";أولاد زمام;Ouled Zmam
1616;"70410911";تمصلوحت;Tameslohte
1617;"44810911";زكوطة;Zaggota
1618;"42910905";أيت بويحيى الحجامة;Ait Buyahya El Hajjama
1619;"13310715";تطفت;Tatoft
1620;"53010709";احد بوحسوسن;Had Bouhssoussen
1621;"50811103";بني عياط;Bni Ayat
1622;"23810105";الناضور;Nador
1623;"104730715";سيدي مبارك;Sidi M'Bark
1624;"63550103";مديونة;Mediouna
1625;"31310311";كيكو;Guigou
1626;"42910711";الغوالم;Laghoualem
1627;"74270906";الجبيلات;Jbilate
1628;"52550111";سوق السبت  اولاد النمة;Souk Sebt Ouled Nemma
1629;"70410507";أزكور;Azgour
1630;"64670711";كدية بني دغوغ;Koudiat Bni Dghough
1663;"71910317";اولاد عمرو;Oulad Aamer
1664;"61810903";شعيبات;Chaibate
1665;"71910601";الصهريج;Assahrij
1666;"13310717";زوادة;Zouada
1667;"11510605";بني احمد الشرقية;Bni Ahmed Cherqia
1668;"31310313";سرغينة;Serghina
1669;"91630701";أيت  عميرة;Ait Amira
1670;"71910523";اولاد عراض;Oulad Aarrad
1671;"115370305";الحكونية;El Hagounia
1672;"95810911";تاسريرت;Tassrirt
1673;"50911101";كطاية;Guettaya
1674;"23810503";بني شيكر;Bni Chiker
1675;"70410705";اغيل;Ighil
1676;"14050109";وزان;Ouezzane
1677;"123910505";ميجيك;Mijik
1678;"35310311";الرتبة;Ratba
1679;"72110513";بوزمور;Bouzemmour
1680;"95410453";تالكجونت;Talgjount
1681;"24110519";سيدي موسى-المهاية;Sidi Moussa Lemhaya
1682;"52550903";بني شكدال;Bni Chegdale
1683;"71910337";سيدي موسى;Sidi Moussa
1684;"82010707";الخنك;Lkheng
1685;"95810301";أيت اسفن;Ait Issafen
1686;"61170501";بن معاشو;Ben Maachou
1687;"95410519";الخنافيف;Lakhnafif
1688;"31710309";تامشاشاط;Tamchachate
1689;"11510713";تزكان;Tizgane
1690;"53110101";ابي الجعد;Bejaad
1691;"44810719";سيدي امحمد الشلح;Sidi M'Hamed Chelh
1692;"100710503";لبويرات;Labouirat
2353;"23810119";سلوان;Selouane
2354;"44811111";سيدي الكامل;Sidi Al Kamel
2355;"23810509";بوعرك;Bouarg
2356;"35310317";سيدي يحي بني زروال;Sidi Yahya Bni Zeroual
2357;"53110311";أولاد كواوش;Oulad Gouaouch
2358;"61810709";أولاد رحمون;Oulad Rahmoune
2359;"35310709";بوهودة;Bouhouda
2360;"15710301";عين لحصن;Ain Lahsan
2361;"105210101";طانطان;tan tan
2362;"95410417";ادا وكيلال;Ida Ou Gailal
2363;"15710321";السحتريين;Sahtryine
2364;"83630909";امزيزل;M'Zizel
2365;"35310509";الولجة;Loulja
2366;"91630727";سيدي بيبي;Sidi Bibi
2367;"71910103";قلعة السراغنة;El Kelaâ des Sraghna
2368;"10510511";شقران;Chakrane
2369;"35310921";راس الواد;Ras El Oued
2370;"52550513";سيدي حمادي;Sidi Hammadi
2371;"82010705";الرتب;Er-rteb
2372;"64610909";اخميسات الشاوية;Khemisset Chaouia
2373;"31710107";سبع عيون;Sabaa Aiyoun
2374;"61110501";بئرالنصر;Bir Ennasr
2375;"61110307";مليلة;Mellila
2376;"11510705";بني سلمان;Bni Selmane
2377;"83630705";ايت عياش;Ait Ayach
2378;"35310107";طهر السوق;Thar Es-souk
2379;"95410711";أزرار;Azrar
2380;"61810105";لبير الجديد;Lbir Jdid
2381;"64670107";سيدي بنور;Sidi Bennour
2382;"50910307";اولاد ايعيش;Ouled Yaich
2461;"35310511";المكانسة;Mkansa
2462;"82010109";كلميمة;Goulmima
2463;"35310101";غفساي;Ghafsai
2464;"15730303";عليين;Allyene
2465;"35610701";بني فراسن;Bni Frassen
2466;"64610331";سيدي الذهبي;Sidi Dahbi
2467;"11510515";تنقوب;Tanaqoub
2468;"23810705";اركمان;Arekmane
2469;"31710303";ايت يعزم;Ait Yaazem
2470;"64610101";بن أحمد;Ben Ahmed
2471;"31310505";سيدي بوطيب;Sidi Boutayeb
2472;"84010711";توندوت;Toundoute
2474;"85870305";آيت  بوداود;Ait Boudaoud
2475;"15110313";سيدي اليمني;Sidi Lyamani
2476;"70410101";أيت  أورير;Ait Ourir
2477;"70410509";دارالجامع;Dar Jamaa
2478;"95410329";توفلعزت;Toufelaazt
2479;"95410951";تافراوتن;Tafraouten
2480;"61170103";برشيد;Berrechid
2491;"35310323";تمزكانة;Timezgana
2498;"74310311";لمصابح;Lamsabih
2499;"15730103";مرتيل;Martil
2671;"42910507";حودران;Houderrane
2673;"112210307";سيدي احمد لعروسي;Sidi Ahmed Laaroussi
2674;"50910113";زاوية الشيخ;Zaouiat Cheikh
2676;"61170109";حد سوالم;Had Soualem
2677;"15710505";الواد;Al Oued
2678;"71610901";بوابوض;Bouabout
2680;"95811101";أربعاء  رسموكة;Arbaa Rasmouka
2690;"85870919";كتاوة;Ktaoua
2906;"105210303";تلمزون;Tilemzoun
2921;"102610719";تركى وساي;Targa Wassay
2922;"50811309";انزو;Anzou
2923;"72110533";سيدي أحمد أومبارك;Sidi H'Mad Ou M'Barek
2924;"15710315";الملاليين;Mallalienne
2925;"45010105";الصخيرات;Skhirate
1752;"95410103";الكردان;El Guerdane
2084;"61810907";مكرس;Mogress
2085;"15730105";المضيق;M'Diq
2086;"25330703";عين الحجر;Ain Lehjer
2087;"95810903";أيت وافقا;Ait Ouafqa
2088;"91630511";بلفاع;Belfaa
2089;"95410325";تندين;Tindine
2090;"70410311";اغماث;Ghmate
2091;"12270509";ملوسة;Malloussa
2092;"44910509";المساعدة;Msaada
2093;"15710311";بني يدر;Bni Idder
2094;"32710309";تيكريكرة;Tigrigra
2095;"21670901";ازلاف;Azlaf
2096;"42910305";أيت سيبرن;Ait Siberne
2097;"10510901";عبد الغاية السواحل;Abdelghaya Souahel
2098;"71610301";اهديل;Ahdil
2099;"70410305";أيت  فاسكا;Ait Faska
2100;"23810515";ايحدادن;Ihaddadene
2101;"64670707";جابرية;Jabria
2102;"35310905";عين معطوف;Ain Maatouf
2103;"74310709";لمعاشات;Lamaachate
2104;"92730115";إنزكان;Inezgane
2105;"71610101";شيشاوة;Chichaoua
2106;"30610305";عين عرمة;Ain Orma
2107;"61810503";أولاد عيسى;Oulad Aissa
2108;"22650103";جرسيف;Guercif
2109;"24110305";بني خالد;Bni Khaled
2110;"64610931";الثوالث;Toualet
2111;"45010503";مرس الخير;Mers El Kheir
2112;"95410323";تتاوت;Tataoute
2484;"85870933";تاكونيت;Tagounite
2489;"10510703";بني احمد اموكزان;Bni Ahmed Imoukzan
2490;"31310305";الميس مرموشة;Almis Marmoucha
2492;"10510103";بني بوعياش;Bni Bouayach
2494;"50810101";أزيلال;Azilal
2495;"83630717";إيتزر;Itzer
2496;"70410711";ويركان;Ouirgane
2497;"10510109";أجدير;Ajdir
2500;"44810111";سيدي قاسم;Sidi Kacem
2501;"64610719";سيدي أحمد الخدير;Sidi Ahmed El Khadir
2502;"64610911";لحوازة;Lahouaza
2503;"85870113";زاكورة;Zagora
2504;"90010703";أورير;Aourir
2505;"74310903";دارسي عيسى;Dar Si Aissa
2506;"50810509";فم الجمعة;Foum Jemaa
2507;"44810313";سيدي أحمد بنعيسى;Sidi Ahmed Benaissa
2508;"83630903";كرامة;Gourrama
2510;"85870709";ابليدة;Bleida
2511;"95410327";تيسفان;Tisfane
2512;"22510307";بوشاون;Bouchaouene
2513;"82010303";عرب صباح زيز;Aarab Sebbah Ziz
2514;"42910309";الكنزرة;El Ganzra
2515;"50910505";بوتفردة;Boutferda
2517;"102610313";تيمولاي;Timoulay
2518;"22510309";بومريم;Boumerieme
2519;"11510313";اونان;Aounane
2520;"12270313";القصر المجاز;Ksar El Majaz
2544;"21130129";سيدي سليمان-الشراعة;Sidi Slimane Echcharraa
2547;"31710505";بطيط;Bitit
2550;"22650505";هوارة أولاد رحو;Houara Oulad Raho
2926;"95410901";أحمر لكلالشة;Ahmar Laglalcha
2927;"50911105";اولاد سعيد الواد;Ouled Said L'Oued
2929;"25330115";العيون-سيدي ملوك;El Aioun Sidi Mellouk
2930;"52550505";اولاد بورحمون;Ouled Bourahmoune
2932;"73510101";المشور - القصبة;Méchouar-Kasba
2934;"90010725";تامري;Tamri
2935;"11510917";متيوة;M'tioua
2936;"34510703";اهل سيدي لحسن;Ahl Sidi Lahcen
2937;"74310713";اولاد سلمان;Ouled Salmane
2938;"25330709";مشرع حمادي;Mechraa Hammadi
2939;"21130517";تافوغالت;Tafoughalt
2940;"50810909";أنركي;Anergui
2941;"84010709";ترميكت;Tarmigt
2942;"35611105";الكوزات;El Gouzate
2943;"90010101";أكادير;Agadir
2944;"85870743";ترناتة;Ternata
2945;"35310301";البيبان;El Bibane
2946;"83630901";النزالة;En-nzala
2947;"10510513";امرابطن;Imrabten
2948;"22510303";بني تدجيت;Bni Tadjite
2949;"95410955";تملوكت;Tamaloukte
2950;"25330319";سيدي لحسن;Sidi Lahsen
2951;"35611301";باب بودر;Bab Boudir
2952;"45010311";سيدي يحيى زعير;Sidi Yahya Zaer
2054;"102610503";أفركط;Aferkat
2055;"104730713";سيدي حساين أو علي;Sidi H'Saine Ou Ali
2056;"91630309";أوكنز;Aouguenz
2057;"42810305";الحدادة;Haddada
2058;"72110347";تفتاشت;Tafetachte
2059;"35611115";اترايبة;Traiba
2060;"44810303";بني وال;Bni Oual
2061;"22750515";أولاد سيدي عبد الحاكم;Oulad Sidi Abdelhakem
2062;"21670905";بني مرغنين;Bni Marghnine
2063;"50810507";بزو;Bzou
2064;"35910501";عين بو علي;Ain Bou Ali
2065;"35611103";برارحة;Brarha
2066;"35910305";سبع رواضي;Sebaa Rouadi
2067;"104730711";سيدي عبدالله أو بلعيد;Sidi AbdallahOu Belaid
2068;"74270723";صخورالرحامنة;Skhour Rehamna
2069;"71910507";أدزوز;Dzouz
2070;"21130109";بركان;Berkane
2071;"53010105";مريرت;M'Rirt
2072;"71610915";تمليلت;Timlilt
2073;"61810921";زاويةسايس;Zaouiat Saiss
2074;"112210101";السمارة;Es-semara
2075;"104730709";سبت النابور;Sebt Ennabour
2076;"53110705";البراكسة;Braksa
2077;"74310703";الغيات;El Ghiate
2078;"95410101";أيت إيعزة;Ait Iaaza
2079;"90010721";تدرارت;Tadrart
2080;"85770719";اميضر;Imider
2081;"23810505";بني سيدال الجبل;Bni Sidel Jbel
2082;"61170513";لحساسنة;Lahsasna
2083;"100710301";عوينة لهنا;Aouint Lahna
2383;"42811103";الشوافع;Chouafaa
2385;"102610307";افران اطلس الصغير;Ifrane Atlas Saghir
2387;"64610309";منيع;Mniaa
2389;"95811113";سيدي بوعبداللي;Sidi Bouabdelli
2391;"91630305";أيت مزال;Ait Mzal
2393;"64610105";البروج;El Borouj
2396;"61170111";أولاد عبو;Oulad Abbou
2397;"44811105";ارميلات;Rmilat
2399;"45010301";المنزه;El Menzeh
2401;"50810303";أيت عباس;Ait Abbas
2402;"71610913";تاولوكلت;Taouloukoult
2403;"84010309";خزامة;Khouzama
2405;"72110313";لحسينات;Lahsinate
2406;"91630337";تسكدلت;Tassegdelt
2407;"74310309";لمراسلة;Lamrasla
2408;"102610305";أمطضى;Amtdi
2410;"21670909";افرني;Iferni
2412;"22650503";بركين;Barkine
2414;"44910307";القصيبية;Kceibya
2415;"71610513";واد البور;Ouad L'bour
2416;"64610903";بني  ياكرين;Bni Yagrine
2418;"95510301";أيت بواولي;Ait Ouabelli
2420;"10510509";بني حذيفة;Bni Hadifa
2431;"42910505";بوقشمير;Bouqachmir
2437;"10510917";مولاي احمد الشريف;Moulay Ahmed Cherif
2439;"61170819";أولاد صباح;Ouled Cebbah
2440;"91630315";إدا وكنظيف;Ida Ougnidif
2493;"31310317";تالزمت;Talzemt
2509;"64670703";بني تسيريس;Bni Tsiriss
2516;"22510305";بوعنان;Bouanane
2983;"71610909";رحالة;Rahhala
2984;"23810103";بني انصار;Bni Ansar
2985;"95811103";أربعاء الساحل;Arbaa Sahel
2986;"95410515";اسن;Issen
2987;"72110537";سيدي كاوكي;Sidi Kaouki
2988;"53010501";أكلمام أزكزا;Aguelmam Azegza
2989;"71910515";العثامنة;Laatamna
2990;"35610909";الصميعة;Smia
2991;"75850509";جذور;Jdour
2992;"71610511";نفيفة;Nfifa
2993;"42810915";سوق  ثلاثاء الغرب;Souk Tlet El Gharb
2994;"61170821";أولاد زيدان;Ouled Zidane
2995;"10510307";سنادة;Senada
2996;"71910823";اولاد الكرن;Oulad El Garne
2997;"35310703";بني وليد;Bni Oulid
2998;"61810507";أولاد احسين;Ouled Hcine
2999;"31710705";اقدار;Iqaddar
3000;"91630717";إمي مقورن;Imi Mqourn
3001;"34510705";عزابة;Azzaba
3002;"42810301";عامر السفلية;Ameur Seflia
3003;"50810919";تاكلفت;Tagleft
3004;"72110107";تالمست;Talmest
3005;"70411121";تزارت;Tazart
3006;"85870711";بني زولي;Bni Zoli
3007;"53110719";أولاد فتاتة;Oulad Ftata
3008;"22510301";عين الشواطر;Ain Chouater
3009;"10510727";زرقت;Zarkt
3010;"32318101";اولاد الطيب;Oulad Tayeb
3011;"53110507";لكفاف;Lagfaf
3012;"95410903";آيت إكاس;Ait Igas
1969;"123910903";امليلي;Imlili
1970;"35310701";عين مديونة;Ain Mediouna
1971;"95410461";تنزرت;Tinzart
1972;"70410901";مولاي ابراهيم;Moulay Brahim
1973;"35910503";لعجاجرة;Laajajra
1974;"53010707";الحمام;El Hammam
1975;"91630333";تنالت;Tanalt
1976;"50810907";أيت  أوقبلي;Ait Ouqabli
1977;"85770733";تودغىالسفلى;Toudgha Essoufla
1978;"61110101";بنسليمان;Benslimane
1979;"61110301";احلاف;Ahlaf
1980;"61170527";سيدي عبد الخالق;Sidi Abdelkhaleq
1981;"95410113";تارودانت;Taroudant
1982;"22750309";لبخاتة;Lebkhata
1983;"50810921";تيفرت  نايت حمزة;Tiffert N'Ait Hamza
1984;"90010501";أمسكروض;Amskroud
1985;"11510911";بني سميح;Bni Smih
1986;"61810501";مولاي عبدالله;My Abdellah
1987;"13310703";قصر بجير;Ksar Bjir
1988;"35310713";الخلالفة;Khlalfa
1989;"104730505";مستي;Mesti
1990;"53010723";سيدي حسين;Sidi Hcine
1991;"82011309";اغريس السفلي;Gheris Es-soufli
1992;"95410409";ارزن;Arazane
1993;"104730703";أنفك;Anfeg
1994;"10510305";بني جميل مكصولين;Bni Gmil Maksouline
1995;"31310705";افريطيسة;Fritissa
1996;"85770513";ايت يول;Ait Youl
1997;"35611109";امسيلة;Msila
1998;"82010709";وادي النعام;Oued Naam
2233;"64610115";سطات;Settat
2234;"10510909";بني بوشيبت;Bni Bouchibet
2235;"63850102";دار بوعزة;Dar Bouazza
2236;"52550911";كريفات;Krifate
2237;"104730717";تغيرت;Tighirt
2238;"35610309";سيدي علي بورقبة;Sidi Ali Bourakba
2239;"21670911";اجرمواس;Ijermaouas
2240;"93710101";المحمدية;MOHAMMEDIA
2241;"50810103";دمنات;Demnate
2242;"42910315";سيدي علال المصدر;Sidi Allal Lamsadder
2243;"70410703";أسني;Asni
2244;"50910107";قصبة تادلة;Kasba Tadla
2245;"123910507";ام ادريكة;Oum Dreyga
2246;"70410109";تحناوت;Tahannaout
2247;"13310103";العرائش;Larache
2248;"113210301";بوكراع;Boukraa
2249;"72110105";الصويرة;Essaouira
2250;"10510719";سيدي بوتميم;Sidi Boutmim
2251;"83630711";أمرصيد;Amersid
2252;"72110545";تاكوشت;Takoucht
2253;"35310719";تمضيت;Tamedit
2254;"64610313";مكارطو;M'Garto
2255;"95410433";أولاد عيسى;Oulad Aissa
2256;"71910833";اولاد زراد;Oulad Zarrad
2257;"73510509";سيد الزوين;Sid Zouine
2258;"85770517";اكنيون;Ikniouen
2259;"71910509";فرايطة;Fraita
2260;"102610303";آيت بوفلن;Ait Boufoulen
2261;"61110319";الزيايدة;Ziaida
2262;"31310301";أيت بازة;Ait Bazza
2863;"34510701";اغبالو اقورار;Aghbalou Aqorar
2864;"42810511";سيدي محمد بنمنصور;Sidi Mohamed Ben Mansour
2865;"63710303";الشلالات;Ech-challalate
2866;"95410521";لمهادي;Lamhadi
2867;"35310315";سيدي المخفي;Sidi Mokhfi
2868;"10510501";أيت قمرة;Ait Kamra
2869;"70411101";ابادو;Abadou
2870;"22750315";سيدي بوبكر;Sidi Boubker
2871;"44810711";أولاد نوال;Oulad Nouel
2872;"64670109";زمامرة;Zemamra
2873;"64671105";الوليدية;Loualidia
2874;"71610309";السعيدات;Saidate
2875;"74310315";سيدي التيجي;Sidi Ettiji
2876;"72110529";سيدي الجزولي;Sidi El Jazouli
2877;"73510305";المنابهة;M'Nabha
2878;"95811105";بونعمان;Bounaamane
2879;"113210103";العيون;Laayoune
2880;"85870101";اكدز;Agdz
2881;"35610703";بوشفاعة;Bouchfaa
2882;"35610903";بويبلان;Bouyablane
2883;"50810313";زاوية أحنصال;Zaouiat Ahansal
2884;"10510711";بني بونصار;Bni Bounsar
2885;"31310303";أيت المان;Ait El Mane
2886;"64610307";لخزازرة;Lakhzazra
2887;"64610303";بوكركوح;Bouguargouh
2888;"95811115";اثنين أكلو;Tnine Aglou
2889;"15110311";الساحل الشمالي;Sahel Chamali
2890;"15110303";أقواس برييش;Aquouass Briech
2891;"44810907";سلفات;Selfat
2892;"22510505";معتركة;Maatarka
1581;"34510317";تافجيغت;Tafajight
1582;"95410467";تيزي نتاست;Tizi N'Test
1583;"95810105";تافراوت;Tafraout
1584;"71910516";العطاوية الشعيبية;Laattaouia Ech-chaibia
1585;"82011103";الريصاني;Er-rissani
1586;"64610707";لقراقرة;Laqraqra
1587;"23810101";العروي;Al Aaroui
1588;"50910303";اولاد كناو;Ouled Gnaou
1589;"70410701";أغبار;Aghbar
1590;"95410439";سيدي عبدالله أوسعيد;Sidi Abdellah Ou Said
1591;"70411129";زرقطن;Zerkten
1592;"72110531";سيدي غانم;Sidi Ghaneme
1593;"10510303";بني اكميل;Bni Gmil
1594;"61170529";سيدي المكي;Sidi El Mekki
1595;"85770529";تلمي;Tilmi
1596;"53110109";وادي زم;Oued Zem
1597;"52550905";بن  وكيل;Bni Oukil
1598;"34510103";المنزل;El Menzel
1599;"71910619";مزم صنهاجة;M'Zem Sanhaja
1600;"53110305";بن زرنتل;Bni Zrantel
1641;"115370303";الدورة;Daoura
1642;"32310103";المشور-فاس الجديد;Méchouar Fès Jdid
1643;"64610717";أولاد افريحة;Oulad Freiha
1644;"85770507";ايت سدرات الجبل السفلى;Ait Sedrate JbelEL Soufla
1645;"71610501";افلا إيسن;Afalla Issen
1646;"70410517";سيدي بدهاج;Sidi Badhaj
1647;"15710307";بني حرشن;Bni Harchen
1648;"42910105";تيفلت;Tiflet
1649;"85770205";النيف;Alnif
1650;"42811105";للا ميمونة;Lalla Mimouna
1723;"75850703";الكنتور;El Gantour
1724;"44810101";دارالكداري;Dar Gueddari
1725;"22650717";تادرت;Taddart
1726;"74270713";اولاد حسون حمري;Oulad Hassoune Hamri
1999;"102610101";بويزكارن;Bouizakarne
2000;"83631503";أموكر;Amouguer
2001;"72110507";آيت عيسى إححان;Ait Aissi Ihahane
2002;"23810709";حاسي بركان;Hassi Berkane
2003;"35310505";الغوازي;Rhouazi
2004;"92730117";لقليعة;Lqliaa
2005;"95810307";إدا وكوكمار;Ida Ou Gougmar
2006;"44910109";سيدي يحيى الغرب;Sidi Yahya El Gharb
2007;"50810913";إسكسي;Isseksi
2008;"95410941";سيدي أحمد أوعبد الله;Sidi Ahmed Ou Abdallah
2009;"44810501";الحوافات;Al Haouafate
2010;"53010511";لهري;Lehri
2011;"64610905";كدانة;Gdana
2012;"112210301";امكالة;Amgala
2013;"11510607";بني أحمد الغربية;Bni Ahmed Gharbia
